Poids (Kg),Taille (cm)
94.8,184.5
90.4,171.4
83.4,170.1
109.8,160.9
55.2,164.9
64.4,150.0
76.6,165.4
64.5,151.3
72.4,166.1
108.3,179.4
86.2,176.7
76.2,177.8
71.2,163.6
117.8,164.1
97.4,183.8
80.5,150.8
100.8,175.4
61.8,156.4
107.9,168.5
59.0,149.9
72.8,170.7
67.7,149.8
77.7,160.2
56.6,157.5
69.0,166.1
87.8,160.7
73.7,170.7
75.6,145.2
102.1,182.2
77.4,152.0
84.0,164.6
102.9,173.9
85.6,187.4
78.6,167.6
66.6,161.6
58.5,157.1
68.4,169.8
79.1,166.3
72.9,166.8
63.7,147.9
89.2,182.2
59.3,178.4
86.1,183.7
72.3,159.2
81.7,173.8
79.8,165.7
60.4,164.8
66.8,150.0
72.4,180.3
93.0,177.5
71.3,162.0
65.8,170.6
105.9,157.7
87.7,176.4
68.6,156.5
77.5,148.3
78.3,179.7
68.9,172.8
133.3,171.5
71.2,185.0
80.3,170.6
85.1,155.3
76.1,166.7
110.2,162.7
89.1,181.5
70.4,159.0
146.1,189.4
60.3,157.1
95.8,175.6
39.7,156.3
88.0,169.3
61.3,160.2
82.4,169.8
53.7,139.9
67.2,170.0
91.2,173.9
91.6,163.1
61.5,152.7
49.7,143.9
63.2,162.7
46.7,152.4
62.2,167.0
48.7,149.3
84.1,175.9
51.4,149.3
77.7,178.7
50.5,157.4
109.5,167.9
58.9,173.1
56.2,154.5
79.1,160.6
86.0,185.4
75.3,177.0
73.0,165.9
90.7,188.5
110.2,161.1
71.5,172.4
70.5,169.1
95.7,159.1
73.2,178.9
91.1,172.3
72.5,171.6
99.3,171.5
90.0,173.6
64.7,172.9
85.7,156.0
93.8,162.4
57.9,154.1
77.8,170.5
55.4,154.0
78.7,174.0
65.7,156.3
90.8,164.6
49.7,170.2
55.7,154.4
56.4,152.3
82.5,173.3
68.9,166.6
92.3,173.0
116.7,181.9
73.5,168.4
78.9,160.0
71.4,172.7
56.5,164.1
67.9,153.8
78.4,174.1
93.1,176.0
58.6,160.6
126.3,162.9
73.2,154.7
68.4,166.5
147.0,167.9
67.0,149.4
129.3,179.4
120.1,180.0
60.9,169.0
95.8,164.9
109.2,167.5
93.1,178.1
77.6,155.3
74.6,169.5
48.2,152.1
71.4,176.2
57.5,176.5
98.1,180.9
97.1,178.4
105.1,178.4
72.2,159.3
66.8,151.4
61.5,164.9
121.9,156.4
96.8,176.2
143.6,182.4
91.3,166.0
48.6,157.3
73.4,171.5
78.0,168.5
98.1,175.1
137.7,173.6
85.0,159.8
60.1,153.9
55.4,160.8
119.6,178.2
69.2,177.6
70.4,167.5
71.6,161.4
68.9,169.0
110.1,192.9
82.2,169.7
81.5,162.5
158.2,164.1
49.4,156.2
96.2,168.2
136.2,174.6
60.3,161.3
51.1,158.5
63.8,159.3
78.4,171.1
89.7,163.4
44.6,150.8
100.2,186.5
78.8,178.3
82.8,161.2
73.4,161.2
60.8,161.1
63.9,181.8
90.4,165.0
50.7,151.6
70.5,157.1
95.9,171.9
49.5,154.3
63.2,165.4
68.0,158.0
80.4,154.1
67.4,161.4
80.6,172.6
83.8,168.2
91.2,176.2
86.9,164.0
80.2,158.5
59.8,146.1
76.4,157.4
51.8,158.4
84.9,174.5
60.7,164.0
60.0,161.0
78.2,183.3
89.1,167.7
60.6,162.7
51.3,148.7
57.3,159.4
69.8,160.0
67.3,177.4
91.3,169.0
108.3,176.8
89.0,189.4
68.5,166.8
53.3,149.6
87.5,179.1
74.3,165.8
108.2,173.2
69.1,171.4
63.2,165.1
68.7,164.2
53.2,150.1
73.8,164.6
63.4,154.1
83.2,176.7
107.6,165.2
73.8,155.9
131.6,179.0
78.7,163.7
48.2,154.0
62.5,174.5
50.8,161.6
45.9,153.7
64.9,166.2
102.3,176.7
73.4,159.3
67.8,163.8
81.9,144.2
92.9,166.8
105.1,166.3
76.0,156.3
64.5,157.2
79.3,171.6
45.4,166.5
140.9,182.4
69.4,161.0
81.0,156.5
77.1,173.4
150.0,174.9
52.5,153.8
69.7,166.2
90.2,175.2
76.4,149.6
86.9,169.2
54.1,141.1
73.5,172.4
74.3,167.5
55.4,160.2
59.2,157.9
67.5,157.6
85.1,149.4
91.5,170.0
102.5,180.1
64.9,166.3
110.5,176.6
84.4,172.6
62.2,162.0
62.9,174.4
80.2,174.9
74.0,151.1
73.2,176.0
93.3,157.4
96.7,160.6
66.3,167.6
165.6,184.0
82.1,172.0
115.0,163.5
81.8,162.2
66.0,165.7
88.6,188.4
61.9,173.7
76.7,152.4
82.8,159.6
142.1,156.8
49.4,158.6
79.8,167.5
78.3,166.6
101.1,167.8
65.9,163.2
78.1,162.1
92.2,185.1
137.1,170.7
52.3,154.3
79.5,165.9
60.1,159.8
71.4,163.5
70.6,178.2
61.1,175.4
64.2,161.5
58.8,162.4
78.6,168.5
67.7,175.0
116.2,177.5
58.1,162.3
59.9,167.2
124.9,155.8
105.3,165.3
104.2,173.2
55.8,161.0
74.5,165.4
86.2,162.6
78.1,174.5
95.7,173.7
80.2,155.0
55.1,142.9
71.4,177.8
70.7,177.7
69.7,153.8
59.9,158.1
124.0,188.1
78.2,154.7
85.1,171.1
93.0,190.9
75.5,153.2
64.9,177.4
82.5,175.6
98.0,171.3
96.1,164.3
84.0,174.9
81.8,160.1
82.0,168.9
92.2,178.8
69.3,161.6
84.5,175.9
66.9,155.1
82.4,166.3
84.5,158.3
56.9,153.7
75.9,151.8
74.3,163.5
88.1,160.8
77.6,164.4
64.5,172.1
63.2,181.0
89.4,162.9
96.3,171.2
102.8,170.8
69.8,152.9
101.5,171.2
73.9,160.3
90.8,176.6
68.9,166.3
68.0,159.4
81.6,155.5
75.9,168.6
95.1,169.8
74.9,175.1
127.5,161.7
93.2,153.4
148.1,188.6
55.3,175.3
68.4,154.2
80.7,172.0
80.1,164.3
63.4,160.6
107.2,158.8
66.5,174.5
55.1,182.1
64.4,160.8
66.7,162.6
82.3,159.3
106.9,166.3
142.2,154.7
87.3,179.0
86.5,152.3
56.2,160.7
56.9,170.6
80.3,177.2
137.3,186.5
77.7,182.6
44.2,152.3
64.0,150.0
70.8,178.3
60.6,158.0
80.8,178.9
80.3,168.8
75.8,166.0
114.0,157.8
105.7,177.1
82.6,175.2
111.7,182.7
75.3,166.7
81.0,167.8
64.1,168.0
121.7,163.9
67.3,163.3
86.6,171.0
93.3,191.8
65.2,153.8
80.4,162.7
66.8,168.8
105.2,176.3
57.6,156.5
92.6,177.0
60.0,171.0
50.7,159.7
61.1,164.0
95.8,160.9
68.1,166.8
82.3,156.5
67.5,159.0
46.0,150.8
71.4,159.0
62.0,158.9
55.7,148.4
91.3,178.0
99.8,184.4
76.9,166.9
68.4,155.1
76.8,174.1
60.4,155.4
64.5,152.0
83.6,174.7
60.2,157.4
78.0,168.4
84.8,169.3
64.0,155.7
100.8,166.0
56.0,171.0
74.7,171.6
75.7,151.8
102.2,184.4
154.3,164.9
59.8,165.6
77.6,162.1
97.4,172.5
82.1,164.0
54.6,165.5
53.1,154.5
79.9,179.7
123.7,190.4
53.9,167.8
55.0,154.2
64.6,156.2
107.3,177.5
65.2,156.6
75.1,160.3
79.3,156.4
62.1,161.9
61.9,154.3
56.1,150.5
79.2,161.5
74.8,170.7
73.2,172.7
88.4,169.5
71.6,161.4
102.6,163.4
81.7,157.2
92.2,175.3
73.1,158.7
108.4,153.4
138.9,168.0
121.2,198.4
67.2,159.9
61.7,169.4
83.5,153.8
83.0,160.7
71.5,177.9
73.9,158.9
110.5,154.5
84.1,160.8
43.6,156.1
106.5,176.8
80.3,169.7
97.5,152.1
114.2,171.6
92.2,163.0
84.6,167.1
86.9,182.5
105.8,160.9
112.7,173.2
97.3,162.8
96.3,155.8
69.6,167.4
99.7,158.4
95.5,174.5
67.5,177.1
78.3,180.2
78.5,156.6
69.0,169.4
80.4,168.4
62.6,150.0
89.4,181.4
80.6,161.0
113.5,182.7
65.9,150.9
145.7,181.2
76.6,169.4
96.1,178.9
104.0,158.6
104.0,182.6
84.0,161.8
81.7,173.1
88.0,170.5
78.5,153.6
64.7,155.4
60.2,155.1
92.5,176.0
75.5,170.0
50.6,158.2
108.5,170.8
71.3,156.6
60.9,145.0
69.4,162.7
103.0,169.4
66.9,153.1
105.6,156.3
52.9,152.0
93.1,165.8
74.0,164.0
47.0,153.6
62.8,168.9
129.2,179.0
66.7,160.1
95.8,185.0
64.3,167.2
41.9,158.4
136.2,168.1
89.9,176.1
88.3,178.8
129.2,163.9
58.2,169.1
52.0,155.4
59.2,161.5
63.8,157.7
88.2,158.7
71.5,182.9
72.4,175.9
85.6,166.9
104.4,164.8
79.5,155.7
78.5,142.3
70.4,166.6
71.2,185.0
48.2,158.2
71.9,159.7
57.9,151.9
87.7,175.7
97.8,158.7
67.4,163.9
86.1,166.8
87.6,158.7
75.7,183.5
89.8,161.7
98.9,171.1
114.9,171.7
76.2,176.0
79.7,160.5
75.9,162.8
69.0,163.3
74.9,178.5
110.1,161.8
63.5,166.7
87.4,169.7
53.5,153.9
115.1,181.3
55.6,177.1
87.7,168.4
69.7,166.4
124.2,167.6
78.8,180.4
101.5,165.1
81.3,177.0
91.5,162.4
60.1,152.6
57.5,156.9
72.6,172.1
92.3,168.5
111.5,185.7
114.0,189.0
98.4,178.0
85.7,175.0
55.4,157.6
92.1,177.9
125.0,181.3
69.1,155.6
67.3,170.1
66.0,162.4
89.4,181.3
103.2,154.3
100.8,165.7
153.9,174.7
79.4,146.1
82.8,168.0
69.1,164.7
100.5,170.4
71.3,170.1
73.2,176.7
119.5,178.0
65.1,173.4
74.4,146.1
59.7,141.9
63.6,163.1
73.0,161.0
92.4,178.8
77.2,162.1
90.4,169.0
61.3,163.6
67.1,174.5
89.0,186.3
80.5,163.1
94.2,155.0
57.4,161.5
71.1,176.6
70.3,166.8
68.2,177.2
62.8,164.7
90.2,165.4
73.8,174.3
67.4,174.2
70.7,171.6
100.3,186.9
45.9,157.8
77.2,170.8
59.6,162.4
106.2,176.0
144.1,159.8
49.0,153.0
88.9,161.9
97.5,178.3
69.8,175.5
85.0,168.0
84.2,191.3
61.2,170.2
74.8,165.1
72.3,155.7
61.6,178.1
55.9,155.3
78.5,159.1
72.6,167.4
79.3,177.9
65.1,163.9
61.3,173.8
70.6,159.5
74.7,169.2
55.1,153.9
99.6,163.7
73.3,165.9
127.4,177.6
77.5,169.5
86.5,163.2
77.7,190.9
136.9,167.8
90.5,170.4
78.2,167.3
106.4,175.0
84.9,170.1
107.9,164.1
97.3,170.6
93.9,160.0
69.8,145.9
59.7,158.9
79.9,164.9
65.7,162.3
83.5,158.1
67.4,170.4
65.1,168.0
67.7,182.0
78.2,157.9
77.0,154.6
88.4,163.3
55.3,163.2
76.1,171.2
70.9,165.6
75.7,159.3
101.8,165.3
146.3,161.3
92.2,161.3
66.4,179.3
103.7,179.0
48.3,149.4
85.8,180.4
62.5,171.6
101.1,166.0
77.9,163.5
114.4,174.1
130.9,174.5
52.2,148.1
68.6,175.9
96.8,164.7
103.2,174.3
74.7,181.4
110.6,159.0
97.6,182.3
73.3,173.1
66.7,170.9
81.3,182.2
72.2,157.6
58.9,152.6
77.9,167.0
103.0,162.5
118.1,167.4
83.3,169.2
51.2,148.1
60.9,159.4
58.3,163.0
55.3,158.3
83.1,162.0
59.2,161.5
129.6,183.6
105.5,178.1
150.9,193.3
103.8,173.9
119.1,165.3
69.4,163.2
106.1,186.6
50.4,151.9
85.4,148.1
96.1,169.1
120.8,163.9
76.8,156.3
95.1,172.9
100.9,172.1
97.3,179.2
76.8,155.3
57.6,157.7
86.6,166.1
81.3,182.6
46.3,162.8
53.2,154.0
136.3,158.1
87.7,165.5
89.0,182.3
54.4,155.6
88.1,169.7
139.8,179.5
51.9,154.8
97.6,177.3
112.8,165.3
72.3,162.2
80.4,170.6
74.6,186.8
53.9,155.0
74.4,161.6
61.7,150.5
46.4,143.3
99.4,164.4
69.7,149.8
46.7,150.6
62.8,155.6
82.2,180.9
100.3,183.5
81.1,161.8
119.4,176.1
101.2,171.5
63.2,159.6
78.0,171.5
59.9,171.4
83.1,175.3
112.2,169.6
70.6,170.3
62.5,163.1
51.3,153.5
104.3,172.5
110.0,181.3
86.4,170.2
75.8,153.4
94.2,170.1
52.0,158.0
81.5,144.5
54.5,157.0
96.6,173.0
61.7,155.2
55.5,167.4
62.1,159.4
60.4,174.0
94.3,161.3
56.8,155.4
109.4,155.9
71.4,171.6
126.8,166.7
62.3,156.8
77.3,170.8
70.3,167.3
81.3,170.9
89.3,190.2
77.3,157.3
82.7,174.2
70.2,171.6
107.2,178.2
115.9,154.7
58.7,166.8
82.1,169.7
87.3,157.8
73.3,178.4
70.0,177.5
54.5,157.9
72.6,169.2
96.4,159.8
85.9,160.9
62.6,169.0
98.4,169.4
60.5,148.3
131.2,177.8
135.0,180.7
63.5,156.8
98.4,158.3
85.7,149.4
85.1,165.7
78.0,163.6
62.2,150.3
63.9,165.5
59.0,161.2
88.5,166.4
95.3,177.7
146.0,178.2
77.0,151.0
81.8,171.9
75.2,169.1
66.3,148.4
69.1,153.4
61.5,172.4
75.1,156.9
52.5,154.3
73.2,163.6
114.7,179.0
96.2,169.9
68.8,150.6
60.4,163.9
52.9,156.9
66.1,167.6
62.9,167.7
106.7,158.3
130.6,159.2
81.3,167.9
105.1,157.7
57.6,157.3
62.2,171.2
70.7,166.3
60.0,166.9
55.8,158.4
105.4,169.2
69.2,174.1
63.2,169.9
81.5,167.5
90.5,171.9
96.6,174.2
87.5,183.6
67.1,164.8
93.8,155.5
94.2,169.8
122.4,171.2
67.0,160.7
55.3,152.7
48.2,151.9
66.2,176.0
101.3,177.4
70.3,156.0
73.7,166.4
52.6,159.2
74.2,161.8
104.9,161.9
73.0,152.9
94.1,159.9
87.3,172.7
67.1,160.3
94.1,154.5
83.5,157.0
67.5,167.0
60.6,169.5
114.4,176.4
72.1,169.7
83.4,171.7
99.5,177.2
53.6,143.8
97.3,177.2
61.2,170.2
142.9,172.5
61.2,150.5
75.0,183.9
61.2,151.6
80.0,163.4
116.5,180.8
104.7,184.2
101.0,175.8
67.2,146.7
68.7,165.6
57.5,166.3
61.7,164.3
92.5,172.8
73.5,152.9
58.5,157.4
100.1,173.6
110.5,180.9
98.5,167.3
68.5,158.1
79.0,155.1
85.5,176.4
75.6,154.1
68.6,178.5
105.7,163.4
72.1,157.8
105.3,171.3
92.3,184.8
68.8,169.2
80.3,158.2
63.9,156.3
50.3,152.8
112.7,184.9
99.2,173.8
92.9,181.8
83.2,163.1
67.9,158.3
75.0,150.9
118.1,184.5
75.5,158.9
66.6,168.4
68.9,166.5
66.7,164.6
62.8,167.6
80.6,165.5
98.7,158.6
92.2,177.6
87.3,180.6
75.8,145.9
85.9,164.4
46.1,157.9
73.4,149.2
91.9,178.0
56.5,154.5
104.6,153.2
111.2,166.4
81.4,178.7
91.5,176.0
78.6,171.0
69.0,163.9
58.5,154.5
55.0,162.7
56.9,156.5
115.7,177.9
71.0,159.7
78.8,165.0
96.0,168.9
67.8,163.7
132.1,170.2
95.2,153.6
80.4,166.7
92.7,161.2
62.2,148.6
81.2,155.4
56.0,159.6
49.3,159.3
75.7,169.9
85.0,171.9
69.3,170.9
78.3,162.3
98.6,176.0
76.5,163.7
103.0,171.0
75.0,157.0
71.0,160.6
53.2,150.7
104.4,165.3
75.3,176.7
125.2,154.0
63.5,163.4
80.7,172.4
50.7,161.6
90.2,165.5
99.9,158.9
43.7,149.5
61.1,152.9
83.6,172.7
84.1,160.1
94.0,167.2
86.3,156.3
78.3,172.5
74.3,169.2
67.7,171.7
62.1,162.5
48.3,147.3
123.8,173.3
65.4,170.9
49.5,155.3
74.9,166.6
86.2,173.6
64.5,159.5
62.8,161.8
68.2,158.6
97.7,164.1
113.7,158.8
85.0,154.7
72.5,179.2
58.4,161.0
64.5,162.0
105.2,174.5
85.8,183.4
70.1,168.0
55.0,149.5
63.6,163.5
67.6,157.9
95.5,175.5
54.1,146.7
109.8,181.5
76.4,156.8
57.4,162.6
66.6,170.3
83.1,163.4
75.6,156.6
66.3,160.3
88.7,178.1
67.3,148.0
75.0,164.6
80.3,160.1
123.7,188.5
68.0,165.7
82.8,175.9
54.5,167.9
115.5,179.4
71.9,164.5
84.0,157.5
87.3,168.3
58.0,151.2
93.9,157.9
69.6,154.3
53.2,159.1
57.4,160.6
107.8,157.8
76.8,155.5
156.0,185.0
122.7,167.9
105.1,158.3
92.4,157.0
65.5,153.7
81.3,160.2
97.5,158.6
90.8,173.6
58.3,152.1
66.4,170.9
100.4,146.3
84.9,156.0
169.8,193.2
70.5,171.9
84.9,166.9
72.0,163.5
93.6,159.5
76.7,157.0
93.4,175.5
68.7,158.7
73.1,174.2
56.9,171.7
112.1,172.5
54.2,154.7
73.7,179.5
137.9,155.0
84.3,155.3
81.1,179.0
59.1,155.3
88.0,172.0
84.8,169.0
70.0,170.7
84.1,155.3
40.4,143.0
107.2,161.5
101.0,163.8
116.3,181.1
84.9,169.0
82.2,171.2
47.1,150.0
68.9,170.5
114.2,179.1
75.8,158.6
109.5,173.9
83.2,163.7
50.0,160.7
110.4,178.5
75.4,154.7
94.3,174.4
74.0,172.3
77.2,181.3
61.4,167.3
37.0,150.9
67.3,167.0
105.1,183.8
39.0,154.2
84.2,171.2
105.5,154.1
72.3,167.8
53.3,146.7
73.0,148.0
90.5,184.8
74.5,175.1
65.6,165.8
71.9,153.2
121.6,186.6
54.2,170.3
80.7,173.9
94.5,171.6
83.4,174.9
62.4,163.7
105.6,166.5
72.2,172.8
90.4,167.9
51.6,162.3
85.8,171.9
50.4,159.0
88.0,174.9
57.5,159.8
49.7,158.8
56.9,159.0
62.3,172.0
54.6,154.7
60.6,146.0
58.5,175.8
59.3,159.4
107.8,179.6
116.7,177.9
128.4,183.9
70.4,161.8
174.0,179.2
87.9,183.4
111.4,165.2
175.7,186.1
88.3,176.2
78.7,164.5
101.8,166.8
71.9,159.8
97.2,171.6
71.9,171.0
64.9,162.6
44.6,160.1
48.4,154.0
91.7,169.3
74.0,160.6
58.1,143.8
83.5,150.8
94.4,170.4
46.3,159.8
68.3,166.7
103.3,177.3
81.2,154.2
55.4,168.7
115.0,173.7
158.7,163.9
75.7,179.4
69.8,146.8
76.3,173.9
74.4,161.8
148.8,180.5
84.8,164.3
85.2,168.2
81.8,175.9
93.7,157.3
48.0,154.3
70.6,159.6
83.8,168.5
101.0,151.3
57.7,165.4
85.6,166.8
96.1,193.1
80.4,167.0
77.9,164.7
60.7,146.1
76.9,160.3
75.7,157.3
76.9,169.7
59.6,156.7
67.5,171.3
78.3,155.7
89.3,172.9
78.6,150.1
54.1,163.7
61.8,144.0
99.2,185.3
71.1,165.0
102.8,188.3
78.3,169.2
76.9,150.8
56.0,162.0
100.5,168.4
79.7,158.7
90.3,172.0
61.0,164.5
65.2,151.9
81.6,184.3
62.3,178.1
57.7,153.1
66.0,189.0
85.1,167.9
70.4,174.0
119.2,186.5
75.5,176.0
85.2,175.0
101.8,179.3
79.4,164.9
69.4,170.8
91.3,172.5
73.2,166.8
74.2,171.0
70.2,164.1
129.8,188.0
73.4,167.7
82.9,177.6
68.2,166.4
67.7,168.2
80.5,172.3
132.4,163.1
52.5,163.9
117.5,166.9
63.9,156.7
102.7,171.9
94.4,177.3
65.4,156.8
65.1,170.5
102.3,154.6
75.4,155.4
58.1,153.1
74.2,158.7
64.8,171.1
73.6,165.6
106.7,157.5
44.3,163.9
63.8,162.6
64.7,158.6
78.3,167.8
63.0,169.4
91.8,164.8
100.8,176.6
93.4,162.7
130.8,164.8
73.2,163.2
86.8,173.4
58.2,143.0
75.3,175.7
104.8,170.0
70.5,160.0
50.5,160.5
75.1,161.9
138.8,170.6
102.1,171.8
80.8,183.0
83.4,161.2
90.7,168.1
64.5,154.0
88.6,163.6
55.7,163.3
86.5,163.9
50.7,154.3
74.7,183.2
109.1,173.5
108.4,178.2
78.5,176.9
94.0,187.7
86.9,161.7
71.9,162.5
81.9,165.0
75.7,177.1
63.4,159.6
103.9,157.9
122.0,166.4
98.9,157.4
53.9,153.5
72.7,165.2
55.7,165.6
99.7,152.8
67.7,171.6
63.4,171.3
92.2,177.4
75.8,170.3
63.7,156.2
116.4,171.9
58.3,162.3
63.8,179.0
69.0,159.5
65.3,160.3
58.6,174.2
73.0,184.4
111.1,183.7
53.8,173.5
103.7,166.4
64.2,160.2
61.4,174.1
47.1,152.5
73.2,187.3
109.8,160.9
81.0,174.5
104.9,167.3
79.7,155.8
70.9,176.5
77.9,159.0
59.0,165.9
41.9,156.7
73.9,179.6
66.3,157.1
81.4,168.2
89.2,160.4
76.2,158.2
61.5,152.7
68.4,174.8
124.9,178.8
46.2,155.2
89.3,175.9
67.5,156.4
107.1,175.4
110.6,173.8
78.0,152.4
57.1,168.0
129.3,178.7
77.9,162.2
78.6,176.4
115.9,157.9
73.0,147.7
79.1,164.8
94.7,176.9
68.2,164.7
95.4,157.9
61.4,156.4
75.6,169.0
89.1,176.7
48.9,144.2
76.4,168.6
80.7,167.8
128.7,179.0
51.9,152.7
78.3,170.8
79.5,166.6
80.8,161.1
99.1,169.8
50.2,156.7
68.5,153.4
107.9,164.9
64.8,155.8
67.0,148.7
100.2,167.3
101.9,177.9
119.9,179.8
107.0,167.9
102.0,158.6
66.3,156.8
84.3,169.0
76.3,159.9
99.2,161.4
71.1,156.6
80.4,151.7
79.0,158.7
74.6,171.8
55.2,152.9
101.1,173.6
119.9,171.6
74.1,160.9
84.2,181.5
97.9,165.5
54.0,159.8
60.6,155.7
128.8,185.8
70.5,177.8
81.4,166.4
128.3,176.8
76.7,165.7
93.8,162.5
83.5,168.4
71.9,178.5
132.6,153.0
76.9,159.8
69.8,149.9
103.5,173.7
74.9,169.8
52.0,154.5
67.3,182.0
100.6,154.1
53.3,149.4
60.6,165.9
99.5,159.1
71.0,162.6
97.2,168.7
81.3,168.0
83.3,177.9
42.4,158.4
84.4,187.7
86.9,172.8
99.4,165.1
83.7,159.3
66.8,160.3
77.5,169.4
56.5,158.7
69.2,172.4
84.3,159.5
71.3,156.6
75.6,153.9
79.3,178.3
74.9,167.7
102.1,168.5
77.4,180.3
93.9,172.0
70.0,152.2
77.1,158.0
65.5,156.9
84.4,166.7
64.2,175.1
101.4,161.5
94.8,178.4
74.7,168.0
75.7,154.2
65.8,160.8
92.2,174.2
53.9,160.6
82.3,168.5
69.1,151.7
87.7,173.5
105.3,170.9
69.8,165.1
54.4,163.5
102.0,168.7
69.1,158.9
84.3,160.6
90.0,173.9
59.1,159.2
102.5,164.9
65.4,182.3
78.7,160.1
99.3,165.0
65.7,169.0
74.6,157.2
49.5,152.2
83.4,178.9
96.9,176.5
76.2,168.6
79.9,173.4
61.6,158.6
68.1,163.2
95.9,166.5
62.7,150.0
102.4,163.5
74.3,166.6
62.0,156.3
77.3,176.3
50.6,163.1
94.8,167.3
57.0,165.6
80.0,175.6
100.4,182.0
85.4,180.4
105.4,173.1
104.9,167.7
148.2,156.2
83.6,171.7
81.7,169.3
58.4,161.0
49.2,158.0
90.2,176.8
99.4,156.5
77.7,150.0
75.6,165.6
55.9,166.1
88.7,171.3
63.2,172.8
131.1,177.3
96.4,168.3
64.7,165.5
81.5,162.8
86.4,166.7
63.1,154.0
75.9,178.5
75.4,157.0
81.3,155.6
56.5,172.9
70.7,156.7
92.7,170.6
54.5,147.4
80.5,154.7
65.5,166.8
97.9,161.2
103.7,166.9
105.8,163.6
85.4,165.7
71.0,152.5
42.5,158.8
82.0,164.0
62.9,175.2
83.0,164.0
98.5,147.0
56.1,150.8
76.4,168.8
101.2,174.1
78.4,168.5
58.9,150.7
73.9,159.1
117.3,178.0
53.3,153.9
53.8,159.3
70.5,155.2
79.1,165.3
57.9,162.6
84.0,180.5
81.4,158.0
121.2,167.6
52.9,160.7
74.2,161.1
84.7,187.4
66.7,146.4
82.8,148.7
109.4,179.0
61.9,150.4
77.0,173.4
82.0,159.2
103.8,166.8
49.3,150.2
92.1,161.4
68.7,157.5
65.5,168.2
79.0,171.3
105.2,152.7
100.5,177.6
48.5,154.0
58.0,164.5
80.5,176.4
135.8,179.6
76.4,169.5
149.4,159.2
81.2,161.2
44.5,149.4
72.6,161.5
66.4,174.1
79.3,168.7
74.7,166.5
69.5,173.3
89.8,163.2
88.7,174.3
100.7,164.0
147.5,164.2
87.9,156.0
65.1,156.5
77.7,160.6
63.7,163.5
132.3,179.3
90.2,158.3
130.5,189.9
74.5,158.8
71.0,157.9
69.3,159.1
96.6,172.2
121.3,182.7
65.5,157.1
70.7,164.4
81.6,178.7
60.5,153.7
88.0,160.2
73.6,170.1
50.0,156.6
96.6,179.3
86.6,172.6
104.6,172.6
77.1,150.9
56.5,154.1
54.8,152.1
61.3,175.0
62.8,175.8
78.7,171.5
102.3,174.7
61.9,165.7
129.4,173.2
61.8,163.5
73.6,161.3
104.6,168.6
70.6,171.9
103.9,169.6
81.3,178.1
87.8,162.0
119.6,156.0
51.4,129.7
105.8,175.0
68.3,168.9
43.7,162.2
80.0,171.5
53.0,158.0
87.0,170.5
58.5,158.1
83.7,160.1
107.8,195.1
142.8,180.0
82.0,172.0
121.0,168.3
64.1,157.4
56.4,161.1
75.6,163.8
92.3,171.8
82.7,157.2
90.6,167.1
47.8,153.3
59.0,153.8
52.0,161.5
110.9,167.3
97.8,161.7
55.3,154.3
87.9,144.7
71.1,160.0
90.9,150.3
69.0,158.9
62.6,169.7
59.0,157.8
56.0,168.6
63.8,158.8
88.3,166.7
71.7,171.6
89.4,158.9
120.6,201.0
98.5,167.9
63.5,150.7
67.7,151.0
60.0,147.7
56.4,158.7
94.4,154.7
70.3,171.9
118.4,172.9
79.9,180.1
126.9,172.8
56.7,176.3
95.7,171.3
79.7,162.4
88.2,173.6
94.8,157.3
77.8,173.8
65.9,159.6
104.0,168.7
65.3,166.9
72.2,158.2
71.2,150.2
67.2,165.0
67.9,177.7
63.5,163.1
61.0,147.4
69.6,161.5
85.9,155.4
60.3,147.2
76.7,185.2
78.9,157.0
61.0,169.1
97.5,168.4
73.2,160.1
71.1,174.2
65.3,167.9
64.8,180.8
65.3,168.1
198.9,183.9
85.8,172.5
92.4,170.6
86.6,151.2
92.4,169.2
85.3,168.7
90.5,180.1
61.3,175.4
147.0,178.9
58.7,163.4
43.6,145.4
61.3,162.4
105.2,171.3
47.7,148.7
69.8,163.5
126.7,173.2
95.1,178.3
86.9,179.0
109.7,187.2
125.7,184.2
93.1,178.4
96.5,164.2
88.2,152.6
93.6,174.9
109.3,172.0
69.3,171.1
99.9,169.3
76.7,169.7
72.7,175.4
78.6,192.1
60.7,160.5
90.9,178.9
93.0,182.5
71.4,158.2
103.6,169.8
83.9,173.1
71.6,150.8
97.5,168.1
58.1,162.9
125.4,179.2
68.3,162.3
71.3,155.4
106.6,172.0
161.4,182.5
92.5,181.7
83.9,163.8
82.8,164.8
70.3,156.6
69.1,165.8
78.8,153.1
99.1,151.7
90.1,177.7
64.2,172.6
77.2,160.8
80.5,169.7
76.8,177.1
105.3,171.7
96.9,174.0
55.6,155.0
144.2,163.4
73.2,153.3
79.0,165.3
71.0,179.6
90.4,176.0
151.5,178.8
71.4,161.6
71.9,157.7
85.7,168.4
96.1,174.4
62.1,149.6
53.5,158.0
56.8,150.6
69.7,171.0
62.0,149.8
61.1,155.2
140.0,191.8
135.9,173.8
79.6,144.2
71.1,166.1
166.3,169.9
97.3,179.1
48.6,156.4
68.0,168.8
92.7,165.4
51.9,158.2
97.5,158.9
75.4,164.8
97.8,174.2
59.0,146.1
66.8,154.7
99.4,161.4
58.8,155.1
94.6,174.1
65.0,168.1
83.5,157.4
102.6,157.4
77.8,156.7
93.6,156.1
58.1,174.2
59.4,159.8
86.5,173.7
86.4,172.4
123.4,168.9
71.0,174.1
100.3,168.7
50.3,156.2
47.4,144.1
94.3,173.2
56.3,159.5
72.6,161.8
66.8,163.4
67.0,162.5
73.4,172.9
59.0,169.5
53.7,176.9
83.4,176.5
95.0,173.3
65.9,157.7
65.9,172.8
108.3,170.7
118.9,153.6
149.8,180.3
106.5,174.6
63.9,160.8
93.9,168.2
63.3,154.3
68.2,173.4
77.8,168.0
72.4,170.6
53.9,162.2
47.3,153.5
65.9,171.1
75.0,180.9
76.3,177.5
73.3,171.3
122.3,162.7
96.4,165.3
70.8,157.5
91.7,180.5
39.9,155.1
58.4,169.2
96.8,170.0
55.8,159.4
117.3,186.4
92.7,178.1
87.3,168.7
82.6,151.5
54.9,173.6
59.0,156.8
95.0,175.7
137.5,169.1
80.8,156.9
78.9,178.1
75.1,178.8
95.5,159.8
72.1,151.3
69.6,156.2
80.0,176.7
71.4,172.4
90.8,172.7
70.6,173.5
77.4,170.8
57.7,159.9
64.7,150.1
66.4,171.9
80.1,151.0
61.2,165.3
75.1,166.7
78.2,165.0
92.4,163.8
94.6,153.0
83.4,164.0
74.5,160.7
147.6,173.5
145.3,159.4
69.2,168.7
68.3,162.1
77.4,164.7
66.2,151.8
53.1,158.0
48.6,163.8
91.1,184.8
76.1,178.1
69.2,150.1
74.7,161.2
61.4,155.8
94.4,180.0
80.1,175.4
75.5,158.9
89.2,178.9
97.7,162.2
106.0,184.6
78.4,178.7
68.1,157.0
86.2,168.9
104.0,169.2
69.1,164.8
92.7,171.8
75.9,182.3
69.8,154.2
65.5,178.6
57.2,150.0
108.2,173.3
102.0,174.6
65.0,156.7
80.4,159.5
111.6,168.2
83.6,180.7
74.3,169.9
58.6,153.6
90.3,156.3
96.7,179.9
53.6,165.5
70.2,159.6
67.3,167.4
62.1,168.2
92.6,174.7
89.3,166.4
48.4,145.4
101.6,168.4
68.4,155.7
90.4,180.9
70.0,169.5
70.4,163.5
61.0,159.5
84.8,175.7
53.5,158.8
89.7,184.5
68.8,153.6
65.1,169.0
74.3,156.6
56.0,162.3
65.3,164.2
56.9,154.4
86.9,163.4
89.7,169.6
61.8,151.7
122.2,164.4
90.7,178.0
103.9,167.0
100.3,177.6
62.9,160.8
94.9,182.3
56.7,169.8
60.2,161.4
61.3,171.4
94.2,168.2
137.8,177.8
75.2,184.7
105.0,180.4
62.8,163.3
68.3,179.0
78.6,172.4
83.1,169.5
99.0,161.2
60.8,181.3
65.2,167.6
56.3,160.2
90.2,170.0
96.7,187.3
90.1,167.5
95.6,174.6
95.8,181.7
75.3,158.3
106.5,164.4
82.3,177.8
88.2,166.0
101.0,157.9
55.6,146.2
70.6,155.6
119.6,170.6
91.3,165.0
91.9,162.4
75.9,161.5
86.2,153.1
97.1,172.9
109.0,165.2
81.1,169.5
44.7,154.9
81.5,172.3
66.7,165.4
83.0,171.5
75.1,163.7
108.6,153.7
56.2,164.6
96.4,165.3
85.0,178.2
52.4,162.3
58.7,166.6
66.0,170.9
71.8,174.9
55.3,154.9
57.9,147.6
107.4,163.6
74.6,170.2
86.4,171.6
130.3,183.4
88.0,156.4
96.3,172.2
72.2,145.8
87.3,166.7
104.5,147.1
62.1,155.5
64.8,166.4
87.2,164.9
54.1,166.6
59.5,167.2
69.9,150.0
65.4,159.8
54.6,159.3
53.3,153.5
110.9,179.3
76.8,163.3
85.9,165.6
86.8,174.2
82.8,151.6
76.5,162.7
52.6,164.9
70.2,165.8
60.6,159.0
62.7,170.8
68.5,177.2
91.9,161.7
65.6,172.4
88.7,169.4
84.5,165.1
88.0,176.9
142.4,178.9
79.6,179.1
100.6,185.3
81.5,161.3
94.7,176.9
113.2,167.7
85.1,180.5
83.6,158.9
65.1,160.7
77.0,170.2
62.5,155.2
70.1,147.5
95.8,163.2
46.8,157.2
101.0,175.2
65.9,148.9
88.5,155.3
120.9,166.8
76.0,177.0
65.4,153.5
48.3,149.6
64.3,154.3
72.9,164.5
52.5,156.6
57.9,156.8
66.1,156.5
76.8,170.7
61.0,169.3
92.4,176.6
128.2,191.9
78.6,168.0
106.5,179.7
96.3,156.4
70.8,160.5
54.9,166.8
81.3,162.8
111.6,183.5
72.0,163.7
114.5,174.5
81.1,158.1
69.7,155.2
73.8,162.2
102.7,171.0
81.1,170.4
85.5,161.2
53.0,161.7
76.6,176.4
134.4,174.0
69.4,148.0
108.7,170.5
86.2,171.9
51.8,161.5
97.9,174.9
91.7,173.5
80.4,172.8
76.9,172.3
75.0,167.6
59.9,154.0
128.1,169.2
78.2,167.5
95.6,181.8
52.8,155.6
123.0,178.9
70.9,170.1
72.5,179.1
99.9,185.0
132.5,189.3
63.9,169.8
81.7,156.5
64.4,162.9
56.3,166.1
60.8,161.5
61.0,159.5
75.5,148.0
68.3,159.5
118.5,176.3
56.1,148.8
110.5,175.3
67.9,165.4
72.9,156.3
71.7,179.8
93.0,181.1
55.0,155.0
68.9,161.5
144.1,165.9
85.6,150.4
80.9,169.4
99.5,180.3
75.8,187.4
66.2,162.7
60.9,153.0
61.9,176.6
92.3,160.7
66.1,165.3
71.0,155.8
153.6,155.0
92.5,177.5
53.5,154.7
81.0,163.6
62.9,163.3
92.7,166.9
45.1,153.0
84.8,148.7
72.4,165.2
76.6,175.0
55.9,154.2
82.6,163.5
135.5,182.7
75.2,167.9
58.8,159.6
79.6,154.1
63.7,156.3
101.6,176.9
71.1,175.3
87.3,176.2
61.5,149.9
80.7,162.7
75.4,167.6
82.4,167.3
91.0,161.5
106.8,179.3
92.5,158.0
70.8,167.6
80.7,175.2
95.8,174.1
57.7,164.0
63.6,148.0
66.6,158.2
98.4,172.6
70.2,162.7
74.4,156.3
74.4,157.8
73.2,189.4
60.4,158.7
138.2,173.4
73.3,173.8
100.6,158.4
133.1,164.6
77.7,156.1
70.6,173.3
107.4,178.9
89.1,168.3
63.1,157.7
129.0,178.5
63.7,167.6
67.8,173.0
139.8,178.5
59.4,159.5
85.4,177.8
69.7,156.9
96.9,181.4
89.1,177.1
62.8,163.3
82.3,181.5
104.9,167.5
60.1,162.1
64.4,139.6
70.0,173.3
82.0,159.1
64.4,159.5
56.3,163.3
85.3,172.0
94.6,154.6
71.2,172.7
57.5,161.1
78.1,172.3
115.2,184.0
127.2,181.1
61.5,153.5
94.3,161.0
84.9,176.8
65.7,162.8
81.0,165.6
81.8,172.9
92.6,166.1
77.8,171.8
92.3,162.7
95.3,181.5
57.1,150.6
85.7,163.1
72.0,158.3
81.5,173.7
62.8,160.5
67.2,175.9
89.0,159.4
42.3,153.0
79.2,166.9
82.2,154.5
54.1,158.9
52.5,160.7
49.3,140.7
84.4,163.3
59.3,156.9
59.2,167.5
78.8,157.0
68.4,157.5
61.7,163.5
107.8,180.2
89.1,166.4
65.4,159.6
95.7,165.2
39.6,165.0
88.3,177.0
78.2,159.1
93.6,177.3
79.9,153.9
90.0,168.9
61.9,152.8
89.3,170.3
88.0,175.2
105.7,179.6
73.9,172.2
70.6,158.4
67.1,159.1
122.9,194.3
69.3,160.0
66.7,164.4
92.9,174.9
51.5,163.2
61.1,159.4
77.8,170.7
91.1,181.4
113.8,188.9
90.6,158.3
59.5,162.4
78.4,168.1
45.2,150.5
55.1,149.4
62.4,162.8
53.2,148.0
66.9,167.7
67.7,169.3
63.1,172.2
63.1,166.7
60.6,170.5
88.1,161.1
123.1,184.5
64.5,165.0
89.8,187.3
69.6,161.1
72.5,171.3
76.7,175.2
40.3,155.9
89.5,152.1
65.4,158.8
86.5,175.1
84.3,177.5
54.6,168.0
91.2,148.6
88.6,168.4
101.2,172.2
57.9,159.5
68.7,171.2
77.1,176.8
108.6,172.8
57.4,158.5
87.6,189.2
49.5,166.3
56.6,155.0
66.4,174.3
55.4,165.7
85.7,182.6
87.1,158.7
83.4,165.2
61.5,161.1
84.0,169.8
74.0,187.1
85.5,161.6
58.7,168.2
48.0,163.4
93.7,155.0
60.3,171.3
102.1,165.7
67.8,172.2
52.1,156.8
109.6,172.9
68.6,168.2
70.0,154.4
73.8,167.2
93.7,182.3
82.8,175.9
98.8,170.0
70.2,171.4
65.4,166.5
102.4,168.0
54.3,165.4
49.5,165.4
70.1,162.7
123.8,168.3
62.1,164.7
70.6,150.6
75.5,160.0
68.9,169.3
104.8,164.3
43.7,137.9
60.6,161.0
80.5,174.9
78.5,153.2
66.9,154.9
86.7,161.5
106.0,180.4
77.7,176.8
70.6,170.5
101.9,182.0
94.2,171.4
70.2,148.8
120.7,166.4
86.7,184.9
77.6,175.2
98.6,176.6
105.6,154.4
128.8,178.2
115.9,163.8
81.1,168.7
81.4,168.4
103.8,173.3
79.0,179.7
50.3,164.1
73.0,162.4
70.8,182.6
61.1,156.1
63.5,169.9
78.2,170.4
82.9,149.7
60.2,163.5
64.6,170.7
78.4,164.9
71.0,157.1
95.7,158.7
81.6,156.6
64.6,168.2
68.4,174.9
106.4,160.4
70.2,152.0
65.9,158.5
49.2,163.4
63.8,160.3
91.7,167.9
79.8,167.5
78.7,171.6
71.5,180.4
92.6,170.1
81.8,167.9
91.5,184.0
57.1,152.6
99.5,182.6
63.5,163.8
92.1,156.4
86.5,177.2
60.6,155.5
88.9,177.5
92.7,177.0
82.1,159.5
67.7,160.1
48.7,161.1
81.3,155.9
72.5,167.6
54.8,159.0
70.9,153.2
60.7,167.0
54.1,161.3
100.9,175.0
94.6,156.0
58.1,165.5
85.5,166.2
101.9,162.7
64.8,147.5
85.5,180.0
162.1,175.6
93.2,182.0
83.0,189.9
53.6,161.8
71.9,171.0
88.0,178.5
96.1,167.6
47.7,150.4
79.3,169.9
82.7,155.9
85.9,172.9
91.2,165.8
114.6,152.1
97.1,177.0
80.8,169.4
80.8,174.1
62.2,176.6
66.1,155.4
59.4,157.2
84.4,169.5
114.4,157.8
117.6,157.7
90.9,167.0
73.8,162.9
60.7,159.7
81.3,162.1
123.4,182.3
52.9,159.4
70.6,169.5
97.2,164.9
64.2,180.4
72.7,182.9
98.0,176.9
55.7,154.6
62.7,170.4
89.5,157.3
77.3,166.6
85.1,177.8
78.7,156.3
115.6,172.2
57.7,163.2
34.8,154.7
116.0,183.4
82.9,176.6
67.6,159.6
82.8,168.9
85.2,162.9
72.2,163.5
71.8,156.5
141.1,181.7
72.2,180.6
83.2,164.4
192.3,183.1
78.2,176.1
72.1,149.3
88.4,170.5
104.9,174.9
134.5,164.4
75.5,168.5
84.1,175.3
69.3,157.3
80.1,168.4
56.3,144.2
98.2,187.8
118.6,170.3
75.2,172.5
104.5,157.4
71.5,176.8
122.8,174.4
73.2,171.4
47.6,160.2
131.4,157.0
73.1,186.2
82.6,167.7
156.4,178.6
72.0,165.1
103.9,189.4
82.2,178.8
116.4,184.4
61.0,168.8
89.1,175.4
63.5,169.0
80.1,160.1
63.7,178.9
75.0,150.4
96.7,177.0
77.0,165.8
55.6,155.9
98.5,187.4
81.4,152.5
139.6,169.2
110.6,176.1
68.2,175.6
109.5,174.7
49.3,151.8
94.0,171.9
69.7,152.1
98.1,176.0
78.5,167.3
75.2,170.0
92.4,178.5
56.6,156.9
77.6,166.7
74.6,153.9
63.8,176.7
72.9,163.9
125.7,160.6
74.9,166.0
121.3,176.0
80.2,164.8
88.4,159.5
89.8,172.9
110.7,167.9
90.4,181.1
93.6,172.7
106.9,169.8
92.1,165.7
59.5,160.0
129.9,171.2
83.5,160.8
93.7,164.5
78.3,164.1
105.9,169.3
55.2,156.0
122.6,202.7
59.7,142.5
97.7,160.6
93.2,175.9
76.3,167.8
73.4,163.0
45.2,162.7
100.0,161.8
47.1,159.6
92.4,174.7
89.8,179.7
47.8,154.6
53.6,160.1
65.6,156.0
53.4,165.0
125.1,181.3
48.4,154.6
64.4,178.0
79.8,177.0
71.0,166.6
53.3,156.1
67.5,155.9
84.8,178.8
86.6,164.5
112.0,184.5
77.6,154.6
101.2,163.9
140.9,163.4
72.5,169.7
60.9,151.7
54.9,157.0
87.4,167.7
89.4,169.9
65.4,153.7
76.8,169.6
93.8,167.9
74.0,153.4
74.1,161.7
85.2,165.5
64.9,162.6
76.1,164.3
121.2,185.8
46.2,154.3
84.1,164.3
49.0,155.9
76.9,178.5
110.7,175.9
152.3,180.5
56.6,151.3
67.2,165.9
100.5,161.3
89.5,175.4
64.6,171.1
84.5,164.1
85.9,176.3
67.7,153.2
90.8,174.0
125.3,168.1
81.2,171.3
78.9,178.1
110.6,171.8
88.6,158.5
123.8,172.2
104.2,161.3
81.5,174.3
101.4,161.7
70.0,156.5
68.5,161.6
89.6,167.3
48.3,148.2
68.1,176.7
54.5,178.5
84.5,179.5
93.9,175.5
59.6,156.1
63.5,152.1
98.8,158.6
65.3,168.7
76.5,186.9
80.3,170.8
84.7,177.5
80.4,170.0
79.3,180.8
47.4,146.8
67.3,157.4
76.6,165.7
118.7,168.6
119.0,165.7
92.2,180.3
50.7,150.1
96.1,173.8
90.3,177.1
81.9,161.6
91.8,169.0
66.9,166.4
85.0,153.0
83.5,161.7
96.1,167.8
132.2,176.2
90.9,158.2
133.8,176.6
73.2,166.1
89.9,174.8
97.3,169.2
137.1,168.1
43.9,161.7
90.0,150.7
73.3,163.8
99.0,170.1
78.1,179.1
99.1,172.1
62.0,168.4
52.1,171.8
82.2,169.1
57.1,151.4
60.2,174.8
88.5,175.2
50.2,165.6
46.1,154.7
130.2,187.4
60.5,147.1
65.3,158.6
78.2,160.4
81.8,165.5
87.9,151.4
75.9,178.5
50.3,158.4
68.4,158.3
52.9,156.9
69.2,158.3
74.9,158.5
68.0,149.9
78.7,162.2
62.1,177.1
85.1,164.5
68.0,180.7
88.6,175.5
79.0,167.2
77.0,174.2
57.9,180.5
72.3,147.6
58.8,164.3
68.5,174.5
70.9,158.4
94.5,175.5
69.3,165.1
60.7,162.5
127.1,148.8
80.5,178.1
80.3,162.2
106.4,179.1
49.7,158.1
80.2,165.4
119.9,157.0
111.8,174.6
103.2,169.6
66.3,153.4
69.3,176.6
78.1,173.6
49.4,160.1
90.6,170.3
89.9,171.9
54.7,158.4
58.7,162.4
72.9,162.4
77.6,161.7
78.4,167.2
52.2,159.2
83.7,158.3
88.2,166.7
117.2,166.3
58.5,159.5
97.4,162.1
78.8,163.9
96.8,182.7
89.3,160.5
80.0,169.7
87.3,172.8
108.5,158.4
82.7,164.7
104.2,165.9
100.2,174.1
103.8,162.6
89.4,159.3
80.0,175.5
79.0,169.1
66.3,151.9
90.3,163.4
106.2,178.2
69.1,155.9
85.5,166.3
64.5,160.2
66.3,164.6
80.7,173.7
73.5,163.4
46.5,149.8
102.8,149.1
80.9,168.0
53.0,158.7
54.2,160.5
75.4,164.2
86.4,153.2
49.1,147.5
76.0,154.3
88.2,163.1
66.5,166.0
61.2,169.6
72.8,155.0
80.3,170.4
78.6,166.8
76.7,169.2
50.7,157.5
71.0,183.3
52.0,154.9
85.5,176.8
52.6,162.7
65.7,172.1
65.4,154.9
67.7,150.2
116.4,173.9
103.2,184.2
73.2,174.9
79.2,168.1
70.2,176.6
82.2,167.0
79.1,157.1
75.9,169.0
55.7,162.8
50.3,150.2
92.6,158.4
91.0,182.6
113.3,167.7
88.1,166.8
93.6,173.1
95.7,166.5
82.5,170.4
77.7,174.3
78.6,154.7
66.1,153.8
80.0,178.4
76.3,159.2
93.0,156.9
90.2,175.4
65.5,155.7
123.2,182.9
73.1,160.9
121.9,173.8
79.4,162.2
73.4,160.0
56.2,158.4
83.3,164.3
162.1,171.0
80.4,166.0
100.9,168.2
54.9,149.9
80.0,152.5
59.4,149.7
89.0,155.9
109.8,164.8
97.0,151.4
94.9,178.4
160.4,162.0
104.5,156.6
62.2,154.9
101.5,168.1
103.6,158.9
94.0,179.9
60.7,170.5
56.6,147.8
61.5,154.9
54.5,183.4
71.0,164.2
81.4,179.6
114.8,162.9
81.1,171.6
121.0,165.9
50.9,158.5
127.7,160.1
79.6,173.4
77.6,153.8
76.7,170.3
58.0,164.1
74.2,172.8
135.9,183.8
80.1,181.7
61.8,180.4
92.5,171.2
69.8,168.9
52.1,166.3
81.1,162.4
65.9,171.0
94.9,170.8
161.2,174.2
87.2,156.7
45.9,150.3
95.4,168.8
67.5,160.9
74.9,158.7
89.2,168.4
101.3,182.8
103.6,179.9
91.1,159.8
68.1,181.8
102.3,160.2
71.1,166.2
73.4,162.6
83.1,153.6
110.0,162.4
63.6,165.6
62.8,146.4
154.2,176.6
77.9,175.6
79.6,177.5
70.5,161.7
77.6,168.3
67.1,159.6
88.6,166.9
104.4,176.9
62.8,161.2
97.9,162.4
74.3,148.5
54.2,160.9
91.1,177.3
86.5,163.9
81.7,166.3
48.1,151.8
69.1,156.4
71.9,154.4
79.2,167.4
130.0,163.0
84.3,160.9
53.6,158.6
49.4,155.6
99.9,159.6
83.1,167.5
64.1,170.5
67.4,152.6
66.2,155.4
61.6,171.1
71.6,165.4
86.8,176.8
95.5,174.4
102.8,173.6
111.9,185.0
115.0,182.5
59.5,158.3
47.8,144.9
76.3,180.7
67.8,150.0
84.4,161.3
56.0,147.2
67.6,160.3
130.7,161.9
89.6,149.1
118.9,171.9
68.3,157.7
103.5,195.6
109.6,177.8
91.0,183.6
105.2,188.5
46.6,156.8
72.8,148.5
78.9,166.8
64.9,149.5
65.2,172.3
117.5,162.8
77.7,157.5
79.0,148.3
75.6,169.6
56.1,166.5
57.7,164.9
97.7,158.0
64.8,170.3
71.7,147.3
76.3,168.6
106.0,176.7
66.2,148.1
80.6,158.6
87.1,165.7
97.3,163.9
92.1,159.2
92.5,167.6
70.5,159.4
58.7,169.9
85.9,168.4
61.5,151.4
53.1,150.1
49.9,161.5
65.8,158.2
101.5,177.7
98.4,172.8
61.6,165.3
91.9,153.9
52.5,152.2
75.3,157.0
99.3,163.3
78.6,162.0
86.9,147.1
82.2,153.6
58.6,172.9
54.9,165.1
60.8,167.1
102.8,166.8
108.1,173.7
63.3,161.3
51.9,175.1
71.7,173.2
88.1,153.7
72.5,156.2
111.8,160.7
78.0,171.8
99.8,170.0
61.3,165.8
99.3,163.3
66.9,160.3
68.3,156.5
109.8,181.3
56.2,163.2
95.0,162.9
59.0,157.1
63.5,152.3
110.6,185.3
93.4,166.0
57.3,161.1
55.5,147.6
94.2,181.8
106.9,169.5
131.1,175.2
73.1,171.1
64.5,178.2
48.6,156.9
108.9,170.5
80.4,170.4
57.3,176.0
67.3,151.7
119.3,171.5
57.9,158.7
75.0,150.9
40.7,151.9
113.4,168.2
74.7,160.6
81.9,175.0
80.9,173.6
85.6,170.5
83.8,176.4
45.1,156.9
74.6,175.2
67.0,151.1
89.8,151.7
86.3,162.7
69.4,176.4
60.1,172.9
59.2,156.3
114.8,167.9
106.8,158.5
60.3,160.3
76.8,156.5
97.1,175.8
94.6,167.2
74.8,157.2
80.7,153.6
59.4,153.2
76.1,160.9
90.1,173.3
66.4,160.8
55.0,165.1
79.3,159.8
87.3,164.9
61.9,163.2
83.9,157.0
100.2,160.2
105.8,165.6
96.6,170.5
89.7,175.2
81.1,154.9
115.1,178.6
83.3,172.8
95.1,165.4
59.1,179.1
61.1,160.4
100.8,167.4
119.6,154.7
60.1,159.8
86.3,173.3
63.0,175.3
97.2,171.9
91.3,164.3
94.3,185.3
100.3,184.8
110.9,174.0
78.2,174.9
71.0,159.9
124.8,165.4
168.6,166.4
82.3,166.1
82.3,172.1
78.0,182.9
89.6,157.8
56.2,170.2
99.0,180.7
142.5,169.1
114.0,161.9
67.6,176.8
81.1,166.1
46.6,167.0
95.8,185.1
57.2,160.3
94.5,164.7
98.8,155.6
76.7,171.9
80.2,173.6
89.5,184.2
94.1,173.3
64.2,144.2
63.4,163.0
84.4,161.8
70.5,160.5
71.1,173.6
79.7,164.9
101.5,188.1
65.1,162.3
86.5,177.2
72.5,156.5
93.3,170.8
68.2,161.2
74.8,168.7
84.6,155.6
68.6,159.7
119.2,184.2
110.2,178.9
95.2,174.7
61.2,158.4
82.0,172.1
133.6,174.6
63.4,154.6
53.8,153.7
63.5,166.3
80.2,183.0
68.3,161.0
77.9,185.6
73.0,165.9
142.5,161.4
51.9,174.0
95.7,177.0
48.1,148.7
77.5,173.5
74.9,159.4
72.5,165.9
81.9,167.8
67.8,167.2
69.2,170.6
66.5,155.4
88.8,182.3
79.3,153.9
83.9,157.6
103.8,173.8
120.3,167.3
69.8,172.5
71.1,177.3
65.4,167.1
97.2,175.8
70.1,169.4
54.5,157.0
78.2,151.7
75.2,165.7
100.3,175.4
89.3,176.7
90.8,178.8
69.9,177.5
88.9,167.8
112.7,171.1
64.4,149.2
71.2,167.6
61.0,160.5
76.7,162.0
80.7,149.0
61.0,159.9
76.4,160.9
69.7,160.8
104.7,186.7
78.2,175.9
84.4,178.6
109.7,178.9
111.0,183.3
72.1,186.0
104.6,170.1
58.1,149.1
72.0,152.5
173.4,179.6
85.8,169.1
88.6,162.6
90.5,175.3
74.5,150.1
89.5,159.1
72.2,165.4
52.2,155.5
81.3,163.9
50.3,161.2
73.6,167.7
75.8,170.1
69.3,166.2
74.1,172.2
50.3,165.7
69.0,158.1
87.3,173.6
70.9,173.7
89.5,170.9
93.2,174.1
71.8,156.1
88.3,173.4
56.1,160.7
54.2,147.8
74.8,172.8
92.6,170.6
110.0,158.9
115.2,164.9
97.5,162.6
99.1,179.3
59.7,155.6
67.4,159.5
71.7,170.3
62.8,167.1
85.5,155.6
67.7,145.7
83.5,175.8
74.8,185.3
54.7,174.0
145.8,178.3
76.3,161.0
89.4,168.2
95.8,173.7
114.3,180.1
103.6,187.5
103.8,184.0
84.3,177.7
85.4,175.1
98.0,177.2
62.8,163.3
113.2,159.4
83.0,169.3
109.5,163.1
85.2,181.6
70.4,178.0
55.7,167.9
78.3,172.8
92.8,165.9
91.4,161.1
75.8,159.0
85.1,180.2
77.9,167.9
61.6,161.4
98.1,172.9
130.0,151.6
108.8,176.1
80.9,171.4
53.9,155.4
65.4,144.7
66.9,171.3
76.2,181.6
64.1,171.5
63.4,170.4
82.6,168.8
107.5,149.4
99.0,170.4
83.6,170.3
93.5,181.7
57.9,143.4
83.6,155.9
91.5,181.0
115.5,179.1
118.3,179.6
71.0,153.2
94.2,162.7
72.3,170.4
98.1,177.2
67.2,152.9
87.3,167.0
53.2,181.4
66.7,174.9
74.7,153.1
62.5,158.6
47.9,162.5
53.6,151.5
71.1,162.5
59.7,145.9
100.9,166.0
71.7,167.8
91.7,164.5
94.9,163.4
75.3,158.0
76.8,174.5
86.5,158.2
94.6,174.5
107.1,178.1
111.8,184.5
134.2,162.5
96.7,168.4
90.3,174.5
77.7,158.8
82.9,161.2
62.3,159.8
87.8,157.8
92.3,148.8
131.1,171.8
125.6,188.4
69.8,150.8
53.0,161.0
79.0,185.0
60.9,159.8
100.9,184.2
140.9,181.8
87.4,169.1
67.1,154.2
140.4,181.8
67.6,167.9
141.9,157.5
65.0,156.6
81.3,158.3
67.4,167.1
92.5,163.7
61.0,171.1
115.9,174.6
47.7,148.9
181.5,177.2
86.1,169.7
84.4,160.8
100.9,171.6
32.4,137.4
82.4,176.9
80.2,169.1
77.5,166.7
61.7,144.3
71.4,176.3
114.2,178.7
104.1,169.6
64.3,154.2
65.2,192.9
71.6,178.3
65.5,177.0
71.5,159.2
155.9,175.6
66.0,169.7
93.9,154.5
57.1,160.2
73.3,165.1
79.0,158.5
91.4,175.9
64.9,148.9
73.2,177.6
62.8,155.2
55.8,155.9
86.3,174.0
64.7,176.2
74.7,166.7
75.0,169.0
70.1,150.3
105.4,171.8
61.7,162.0
77.5,169.6
120.1,166.5
99.3,170.5
84.4,183.4
61.5,143.7
114.4,156.3
78.7,167.1
79.9,164.7
99.5,173.2
153.6,177.3
85.2,162.9
55.2,161.8
67.7,166.3
85.5,177.6
87.5,167.9
102.9,175.0
77.1,143.1
86.6,163.6
111.9,183.1
65.2,166.8
87.4,161.8
73.3,163.3
54.8,151.2
97.6,161.0
69.1,151.2
58.9,154.0
139.6,184.8
46.5,157.7
95.6,172.6
101.2,169.2
94.6,181.4
81.2,185.3
58.3,150.2
122.3,187.7
70.5,155.0
89.1,168.8
97.0,172.6
131.1,182.7
60.2,159.2
66.4,152.1
76.5,173.4
80.3,166.5
145.8,169.9
82.6,166.1
71.2,177.9
98.1,173.1
69.6,149.6
81.8,183.0
99.3,160.1
88.3,157.8
63.2,158.5
67.1,173.0
68.7,163.0
58.1,164.5
62.5,157.1
59.3,166.4
65.0,158.6
73.9,169.9
76.9,161.3
119.3,170.4
61.0,152.5
106.0,161.7
96.5,185.7
53.1,168.9
70.8,143.7
94.4,182.3
93.2,181.0
89.1,182.8
128.2,180.5
83.1,154.0
82.0,167.1
107.6,172.1
48.3,151.2
61.6,168.0
122.1,159.7
57.4,149.1
101.2,179.7
82.3,171.1
41.5,157.8
102.9,166.3
61.7,163.6
60.0,156.6
90.4,180.5
98.0,156.6
69.9,164.3
98.0,183.6
81.4,172.0
48.0,155.3
104.6,167.1
46.4,160.0
75.1,166.1
108.7,178.2
88.4,154.1
60.5,150.5
95.4,175.7
95.0,165.9
75.9,182.6
98.1,166.8
95.4,179.1
94.3,178.9
54.0,157.7
62.9,163.0
97.9,180.0
72.7,152.8
73.9,172.7
64.0,170.2
86.6,172.3
78.6,171.0
77.9,153.6
111.1,168.7
122.4,156.9
83.8,169.8
91.9,180.1
108.6,181.8
101.4,180.4
88.4,165.9
90.2,177.9
88.7,170.1
82.8,164.0
107.4,149.2
69.8,170.4
102.8,187.0
62.0,179.6
59.4,161.9
107.6,178.5
78.1,177.7
66.5,155.8
124.7,155.4
117.7,188.6
61.0,162.2
52.2,157.4
87.9,181.0
79.6,181.7
61.1,154.8
100.1,165.9
73.9,159.5
85.9,166.5
80.7,165.9
75.1,161.7
89.6,160.6
78.2,178.9
70.2,167.1
63.9,148.0
57.6,173.5
68.8,153.0
83.0,154.6
137.9,190.3
114.7,167.6
79.2,173.5
88.2,161.8
112.8,185.6
90.0,177.9
99.2,166.9
56.8,161.9
58.6,153.6
65.7,161.0
107.6,168.6
113.3,173.4
54.1,166.2
68.6,161.0
89.5,169.3
63.4,151.9
111.8,178.0
50.2,159.2
101.7,175.3
103.2,168.6
113.1,180.7
62.3,173.4
91.5,151.7
72.3,165.7
91.4,159.6
75.6,168.0
146.6,187.7
113.7,176.8
45.8,145.4
137.5,149.3
56.8,157.6
49.2,161.1
64.3,167.2
79.5,171.2
69.4,175.1
66.2,178.5
68.2,154.1
81.9,165.0
72.0,175.9
108.4,175.4
75.9,183.0
79.9,175.7
97.6,169.3
82.5,160.1
77.0,169.8
84.8,170.5
76.2,165.9
62.5,157.5
85.9,158.9
82.0,158.2
82.6,165.3
95.6,156.2
74.3,159.2
54.2,163.4
95.8,175.4
63.6,150.6
64.0,167.4
65.5,153.4
79.4,155.2
85.7,164.7
99.3,170.0
98.0,186.7
78.0,148.7
86.2,158.3
91.1,162.7
63.2,161.7
79.1,177.6
68.8,166.8
65.3,161.0
92.0,157.7
103.2,168.2
58.2,164.2
63.2,153.3
79.1,161.3
72.8,156.6
102.5,174.4
95.0,163.9
126.5,189.7
74.3,176.2
75.2,160.3
75.1,180.4
63.0,159.4
69.1,162.6
96.2,192.1
56.1,159.5
46.4,146.5
72.8,160.2
111.1,181.8
73.5,157.4
86.0,152.5
98.4,181.2
73.3,155.7
70.0,152.5
81.8,154.2
143.9,180.2
110.9,172.9
87.9,177.1
133.3,168.0
117.9,181.6
61.6,159.5
71.4,167.2
79.7,155.7
63.3,159.3
139.8,182.5
72.9,173.9
66.6,165.8
73.7,155.8
103.3,174.1
58.4,166.7
107.2,169.4
74.6,160.7
112.4,185.2
97.6,168.0
95.5,174.3
56.0,163.3
68.5,163.1
102.9,172.5
57.5,161.0
65.8,170.9
74.6,151.6
88.1,156.3
181.0,167.4
75.2,152.6
124.1,181.7
62.0,162.5
67.7,157.8
117.7,175.3
55.4,147.0
70.3,160.8
52.9,161.6
71.7,150.3
74.7,163.9
63.0,167.3
116.7,163.2
87.7,157.7
85.5,168.5
104.3,169.3
72.1,171.4
113.9,159.7
115.4,184.4
82.5,182.4
60.4,161.1
59.7,143.1
81.3,175.4
128.6,171.5
77.3,160.1
82.0,158.2
99.4,168.3
55.9,149.9
87.1,183.8
99.1,177.8
133.6,157.0
63.5,174.1
62.4,171.2
71.3,176.2
57.9,165.1
120.1,187.9
99.7,162.9
101.7,160.0
50.6,155.1
87.7,183.9
73.2,156.3
84.1,153.8
74.7,157.1
78.1,178.1
74.7,163.3
89.3,173.0
48.0,154.5
63.7,156.2
48.3,154.7
77.8,164.7
63.2,168.4
96.6,159.7
65.1,166.4
94.6,182.6
104.4,162.4
123.3,181.0
90.8,150.2
81.7,160.5
104.4,165.6
87.3,188.3
41.3,148.3
178.9,166.6
61.9,166.5
80.9,175.5
90.8,181.6
70.9,183.5
88.1,168.2
58.7,171.7
129.5,163.2
82.4,171.9
122.9,176.6
59.9,144.9
67.2,166.8
74.0,160.8
54.7,167.2
104.0,168.4
60.1,161.4
97.6,185.1
122.3,158.5
108.8,183.1
72.6,157.4
93.1,174.0
105.8,175.5
70.5,170.9
74.1,154.0
94.2,156.9
88.3,168.1
110.6,161.4
63.6,174.1
79.2,154.9
69.6,154.7
47.1,161.4
114.7,160.1
105.8,162.8
85.8,158.7
73.6,154.7
106.2,186.1
71.7,158.7
61.8,169.0
66.0,163.0
50.2,153.6
68.5,170.6
59.5,157.9
90.2,165.5
87.8,165.2
87.0,158.8
66.3,181.4
68.8,150.0
122.2,188.0
69.9,173.7
129.1,173.3
69.8,170.5
127.6,179.8
72.1,158.8
93.4,193.5
72.0,162.7
51.3,150.0
84.5,158.6
82.8,176.9
64.6,164.6
81.4,161.0
77.5,178.7
67.6,169.2
52.0,158.0
89.4,175.1
84.2,179.0
95.4,158.7
82.4,156.8
102.7,174.4
73.8,175.9
72.9,172.0
88.1,162.1
117.4,175.0
79.5,168.9
70.1,162.1
49.1,159.9
65.7,145.9
92.6,166.2
80.7,169.6
60.7,160.2
108.7,159.9
68.0,156.3
104.4,165.4
69.3,171.3
71.9,175.1
57.6,154.8
169.4,173.5
62.3,156.7
73.3,153.9
98.3,171.1
68.3,179.3
73.9,160.4
75.2,160.3
121.8,158.1
48.5,161.9
88.2,175.0
85.7,175.2
135.0,164.5
69.0,166.7
81.5,179.9
130.2,151.5
87.2,177.2
79.6,175.1
79.6,172.6
53.9,159.7
105.8,164.8
85.4,177.6
59.4,144.4
121.8,156.3
106.1,172.5
121.3,163.8
101.3,177.4
88.6,175.3
109.8,162.8
61.5,166.2
92.3,175.2
82.4,160.9
88.4,173.2
53.8,151.5
101.4,173.6
99.5,172.0
96.6,183.2
72.8,162.5
76.9,171.6
58.4,158.0
86.5,183.5
68.6,148.6
86.2,175.5
59.0,172.9
92.1,162.5
92.8,174.1
94.6,175.3
89.9,156.0
110.8,156.9
68.8,175.3
68.6,159.1
111.8,167.4
111.5,182.1
82.3,160.6
57.8,154.4
63.5,161.6
155.6,171.3
85.2,165.6
77.7,155.1
89.0,165.9
87.9,160.4
73.9,155.3
53.9,159.9
101.0,166.2
78.6,171.7
69.8,156.1
72.5,151.6
96.4,169.6
83.1,174.6
83.2,170.0
64.7,160.6
87.1,178.3
134.5,165.6
100.3,171.2
75.2,154.4
107.0,173.6
42.6,147.9
69.8,176.2
98.8,174.1
83.2,169.5
63.2,148.8
95.8,156.7
46.4,140.1
161.9,189.9
60.3,155.1
47.5,165.6
96.0,159.1
64.1,157.3
101.3,176.5
57.6,163.0
59.9,165.9
89.3,175.8
44.4,141.1
80.5,167.6
97.3,173.7
82.8,176.5
59.7,152.7
74.7,166.7
54.1,151.6
80.0,157.9
80.1,180.6
95.3,171.6
62.7,153.5
65.4,163.9
70.7,169.9
90.1,160.2
74.5,172.7
79.4,163.7
78.1,157.1
87.5,158.9
71.3,170.0
79.0,164.8
82.8,166.2
44.3,145.2
81.9,167.2
57.1,158.8
57.9,165.3
70.8,168.8
105.6,166.1
145.1,169.4
74.4,167.4
77.8,168.6
108.5,157.0
78.2,158.2
97.2,180.1
103.8,163.6
44.4,156.8
76.1,152.0
72.6,152.5
76.4,179.3
73.3,154.1
67.6,173.0
69.2,159.0
62.3,162.5
69.8,153.9
81.7,157.9
61.9,155.8
131.7,177.1
64.9,162.6
74.8,155.4
53.9,164.0
81.4,159.1
76.9,172.1
50.4,161.6
72.9,154.1
55.1,161.3
95.9,186.2
156.0,176.1
89.0,193.8
113.4,180.1
60.9,153.2
92.8,178.9
70.5,151.0
52.0,160.3
71.5,178.2
62.2,157.9
44.6,169.4
69.1,157.7
91.4,164.3
90.3,176.2
78.7,163.3
71.9,166.7
67.7,161.8
63.3,160.3
102.2,167.6
67.2,173.5
81.3,174.1
78.6,167.2
59.3,151.8
90.9,169.9
81.8,160.3
96.0,163.2
69.4,177.6
85.4,157.8
62.3,168.1
46.5,152.2
70.9,168.2
83.8,168.4
62.2,150.7
134.8,169.5
114.0,176.1
79.2,178.6
68.3,146.2
80.9,154.9
86.3,165.5
118.6,177.8
59.6,158.4
73.9,165.5
48.4,156.5
94.6,176.4
58.2,148.4
64.1,172.1
67.8,167.3
61.2,163.8
60.4,177.5
178.4,181.7
62.8,159.0
61.8,163.4
58.2,159.3
69.3,167.8
113.1,176.0
92.2,169.8
68.7,177.4
71.9,155.7
98.0,174.4
51.5,165.1
86.3,166.1
74.0,169.5
73.0,174.8
56.9,161.4
90.8,147.3
90.5,171.1
82.6,178.2
80.9,183.5
74.6,170.4
82.1,165.6
69.2,162.7
83.3,159.7
73.6,152.6
78.0,166.1
58.8,145.8
67.5,154.0
106.9,168.4
57.4,168.8
74.6,149.0
58.4,154.6
78.7,166.7
84.9,174.4
72.1,177.5
59.5,163.3
108.8,181.8
109.2,185.7
49.3,145.9
85.8,159.8
63.7,148.0
62.9,158.2
59.4,158.7
56.0,153.5
82.9,174.2
69.7,160.8
80.8,180.7
88.8,161.2
71.7,164.7
48.8,158.2
96.3,157.5
81.8,161.2
57.9,170.1
64.3,170.6
92.6,157.6
83.0,176.0
66.6,150.5
130.0,180.4
56.7,150.5
63.0,156.9
85.5,163.8
75.3,169.8
72.3,147.0
93.2,166.2
68.8,155.6
94.6,178.9
64.1,159.6
73.2,158.7
101.1,170.0
85.6,155.7
78.7,163.6
112.2,178.6
94.9,150.1
81.7,153.2
101.6,180.0
75.0,167.0
69.7,173.5
63.2,155.8
96.1,178.7
44.3,149.8
66.9,167.6
92.0,169.6
123.8,160.9
78.8,152.7
47.8,154.2
162.1,179.9
114.1,162.3
78.4,185.3
71.1,161.3
54.1,159.5
50.8,161.2
65.5,159.7
58.2,162.0
101.7,177.8
65.5,170.5
82.6,169.9
72.5,161.8
76.7,171.4
80.7,178.0
69.3,151.8
64.2,160.6
59.0,159.5
72.7,158.1
50.7,162.5
73.5,166.9
60.9,174.5
68.0,169.6
56.8,158.5
81.0,164.3
91.4,172.1
77.7,163.4
135.9,165.7
86.4,177.9
73.7,177.8
84.7,167.3
86.9,163.1
56.6,170.1
61.4,175.8
106.2,188.3
92.4,177.4
82.7,170.1
87.6,174.6
57.6,152.9
103.6,167.9
52.3,159.6
69.1,175.0
94.1,160.3
73.9,170.7
51.7,153.0
66.9,178.9
71.0,159.5
65.9,167.7
85.6,174.5
95.2,175.0
68.2,165.7
175.3,173.9
61.1,155.5
57.9,154.7
75.9,165.2
104.3,184.6
73.5,160.6
81.1,171.0
70.6,149.8
135.4,170.6
46.2,147.4
86.8,174.6
98.5,189.8
88.0,181.6
63.8,167.1
100.7,177.9
66.1,152.7
73.4,168.8
72.9,157.1
104.7,174.0
94.9,172.9
89.6,171.1
100.0,168.5
42.5,159.3
73.1,167.3
50.7,158.6
140.1,178.0
57.1,158.3
65.2,173.3
83.1,169.6
74.3,172.4
71.6,158.8
65.9,152.9
78.0,157.8
69.9,154.9
92.9,173.9
76.8,155.0
53.8,159.5
99.1,173.9
112.0,182.2
77.8,162.8
41.9,152.8
86.4,172.7
131.6,168.8
62.1,154.4
67.4,181.4
74.6,151.6
84.5,171.3
62.4,153.3
77.0,161.9
56.2,170.5
72.1,163.4
92.0,170.5
109.7,178.1
70.1,154.0
80.9,156.7
88.3,172.2
119.6,177.3
76.4,145.9
76.8,166.1
123.6,168.2
92.0,178.3
74.3,163.5
80.3,163.4
89.8,155.5
48.0,145.3
120.3,167.0
116.2,184.9
93.9,147.6
71.7,151.2
82.2,174.4
60.0,175.8
77.2,179.2
120.1,167.9
108.5,163.0
54.3,155.0
63.0,149.4
77.1,170.2
97.5,182.2
86.0,160.7
57.2,171.6
69.0,169.6
92.6,171.0
82.2,176.0
69.1,175.6
70.4,165.3
110.4,195.4
95.4,171.5
61.3,163.3
70.0,166.8
82.1,162.5
77.9,166.4
68.0,168.1
84.5,158.8
120.4,178.0
84.7,183.2
76.4,167.7
64.5,150.5
86.8,171.9
102.7,183.8
95.5,152.2
55.5,158.0
72.4,165.8
97.1,171.5
50.0,155.7
137.0,165.1
69.0,154.8
65.9,162.2
63.5,180.3
86.6,172.9
68.3,166.5
64.6,163.4
81.9,180.2
97.2,170.7
91.4,153.2
103.2,163.2
79.0,177.4
88.6,166.4
67.4,177.0
94.3,166.8
63.0,158.9
61.4,172.5
72.9,162.8
67.7,173.3
54.5,154.4
64.5,151.6
82.2,162.6
93.2,174.6
77.4,176.3
88.7,167.2
92.4,194.6
94.6,155.2
62.9,162.4
80.2,178.5
51.0,168.6
85.1,184.8
86.1,164.0
59.8,152.6
140.1,172.9
75.0,148.5
71.5,153.1
91.6,158.4
82.7,150.9
86.9,156.3
90.1,165.2
102.3,164.5
64.6,156.9
61.3,165.0
65.2,169.6
103.8,170.4
89.6,178.5
95.3,179.4
70.3,170.3
63.4,162.5
73.3,153.6
70.2,147.3
90.6,169.6
77.5,167.2
131.5,182.4
86.3,167.6
64.4,157.0
81.4,180.2
105.1,171.2
86.4,184.7
74.8,170.1
63.4,163.1
65.6,153.6
64.9,154.4
72.8,139.0
64.9,162.9
104.1,173.1
79.3,153.9
67.3,160.5
59.6,150.4
65.1,155.1
75.5,169.7
66.3,146.8
123.6,154.7
71.4,158.5
112.7,155.1
104.7,176.8
61.3,164.1
59.9,181.9
88.3,164.8
78.1,181.6
77.3,170.5
61.6,167.0
84.1,172.0
67.5,151.5
59.8,172.9
83.4,159.4
81.1,167.7
65.1,174.3
63.7,161.0
78.6,164.9
49.3,159.6
66.7,166.2
91.8,155.6
68.1,150.9
64.9,171.3
84.8,158.2
70.4,160.5
74.2,167.6
42.2,148.6
65.3,171.5
122.5,174.6
89.3,163.5
60.8,171.0
70.2,152.4
104.1,163.5
77.4,169.7
70.1,170.4
63.1,159.9
88.5,155.6
61.0,154.0
61.9,146.5
72.4,184.7
106.7,172.4
70.6,166.3
58.4,169.5
94.1,159.9
73.8,169.6
97.9,160.3
53.4,149.4
100.5,172.8
84.9,165.9
64.6,160.8
47.4,163.6
86.8,163.1
74.3,163.2
60.1,168.6
83.9,170.9
105.1,154.6
84.5,161.2
92.5,166.9
143.7,180.8
82.9,185.5
78.4,172.7
61.4,161.8
103.4,156.9
98.0,168.4
120.7,183.8
59.5,169.1
68.6,171.8
76.2,165.5
90.5,181.3
74.1,144.4
63.4,157.4
68.6,162.3
107.0,174.6
63.7,166.5
98.4,156.2
134.8,183.3
93.9,154.9
86.3,169.5
71.3,149.1
72.2,168.1
74.8,169.0
52.2,162.6
74.8,167.2
79.7,168.9
112.5,170.2
87.2,167.9
77.2,173.3
81.3,159.3
66.2,164.4
126.1,175.4
88.5,182.4
73.0,155.5
95.6,158.1
86.1,166.7
77.9,172.4
65.1,167.9
82.9,168.5
63.7,158.6
126.3,170.9
86.7,164.5
74.9,164.9
51.1,147.1
101.4,180.6
47.1,158.9
105.6,177.6
74.8,179.6
121.4,171.8
105.8,173.1
79.0,186.8
81.1,161.0
86.3,169.3
109.4,176.1
57.7,163.1
104.4,173.8
68.0,172.2
87.8,166.1
101.3,177.0
49.7,164.7
96.3,154.4
84.5,169.4
84.4,178.6
149.8,168.4
79.1,170.0
94.2,159.3
82.0,155.3
93.9,179.5
68.9,169.8
78.2,161.6
64.7,157.0
85.2,165.7
92.0,161.0
47.0,152.5
63.3,173.3
79.8,155.4
103.3,170.2
50.3,162.9
82.5,171.0
78.3,155.1
60.4,165.4
86.9,177.2
102.7,166.6
98.5,159.8
54.5,158.3
71.2,174.8
84.1,163.0
105.0,164.9
79.3,173.7
80.0,169.2
55.5,154.0
74.8,161.8
67.1,151.9
67.9,176.0
74.4,174.6
55.2,164.6
40.2,151.8
56.1,157.2
79.3,167.7
87.8,162.4
76.7,175.7
61.5,155.9
65.0,183.5
93.1,176.7
63.4,153.5
103.1,163.8
104.0,184.0
79.8,169.7
101.1,166.0
68.6,171.6
125.5,183.6
71.9,167.7
64.7,157.3
46.0,150.7
89.2,174.8
84.6,177.1
62.9,154.6
67.2,154.0
82.3,143.0
124.5,176.7
71.6,162.4
91.7,165.6
93.3,172.0
74.1,164.0
93.9,172.3
85.3,158.7
65.8,161.2
60.1,149.5
116.8,173.2
52.6,163.4
80.3,163.8
54.2,151.3
96.9,181.7
133.0,171.1
70.6,177.4
108.9,176.6
41.2,138.4
83.4,169.9
97.9,170.9
121.6,174.0
54.6,163.7
113.6,180.4
119.6,183.0
66.3,152.8
52.3,163.2
60.5,169.3
71.3,178.6
75.9,174.2
70.1,174.2
60.8,144.9
51.8,166.9
109.6,171.2
75.3,155.3
70.9,169.7
107.8,175.7
110.0,159.9
107.6,176.0
59.2,161.8
72.3,169.4
61.1,161.3
89.7,182.6
103.6,157.5
138.2,180.1
89.3,161.1
117.5,179.7
81.9,166.6
68.9,159.8
86.5,164.0
81.2,160.6
120.7,173.4
83.5,178.0
65.9,160.6
74.2,152.5
100.7,178.4
125.1,161.2
132.8,191.2
90.8,168.2
61.1,150.7
79.6,157.9
74.6,153.4
135.3,165.4
75.3,172.2
99.1,157.8
50.5,163.0
57.4,171.2
115.6,182.4
74.1,162.9
90.4,151.9
59.4,161.4
79.6,179.3
56.4,154.7
65.7,170.4
108.5,174.6
121.1,163.7
62.4,159.4
80.9,150.6
73.1,145.1
78.4,175.5
61.2,174.8
76.8,181.5
51.5,146.8
71.4,160.0
72.5,191.1
116.5,163.1
82.3,169.6
66.5,157.1
84.2,180.9
84.0,168.1
62.3,159.4
129.7,152.9
58.8,153.8
104.4,152.5
72.4,167.7
80.8,161.8
66.0,154.8
110.4,165.6
94.7,187.6
68.5,160.7
69.7,178.0
83.8,149.2
62.0,154.0
112.0,186.8
83.4,164.7
134.7,175.4
121.5,176.9
63.3,168.2
93.5,174.1
59.0,165.6
85.2,171.7
61.3,165.2
127.9,167.4
79.7,157.1
76.0,169.0
139.6,170.2
66.8,152.7
66.4,172.8
79.2,144.9
73.4,176.6
49.0,169.1
78.0,182.5
50.9,157.1
86.0,174.0
68.5,163.6
54.9,156.0
94.0,165.3
71.2,153.6
103.0,183.5
72.6,157.2
78.8,162.0
70.6,152.3
81.8,169.1
99.5,172.4
55.8,156.5
101.6,172.8
82.8,168.1
83.1,163.2
88.0,171.6
75.7,161.7
71.0,152.3
103.9,168.5
70.6,164.7
100.7,176.4
97.8,174.9
66.8,163.0
60.1,169.2
80.0,178.2
62.6,168.6
83.1,161.6
117.3,173.0
101.7,148.1
62.3,150.1
87.6,140.0
72.8,168.8
56.6,157.6
58.0,158.5
63.1,155.0
75.2,168.4
85.9,152.4
74.8,155.9
62.7,167.8
78.9,159.2
72.2,168.5
95.6,176.9
91.2,160.5
63.8,164.5
101.9,159.5
82.3,160.2
64.4,161.0
96.5,171.5
64.5,167.7
61.3,158.9
152.3,186.3
53.7,151.6
66.8,169.4
50.9,146.4
67.0,163.2
69.7,167.9
55.7,166.0
86.9,163.0
59.8,173.6
53.8,153.7
106.9,164.9
56.5,161.5
97.4,178.4
101.7,177.6
92.4,169.5
121.4,163.8
80.0,177.4
112.4,180.1
64.6,149.6
122.0,162.8
77.6,151.7
78.1,172.5
88.0,169.0
58.7,161.9
65.5,167.3
71.3,170.4
69.1,161.5
84.2,181.7
80.7,184.3
66.1,148.9
77.6,155.8
78.4,164.0
53.6,154.5
106.1,180.7
63.8,161.3
82.0,147.1
69.5,169.5
73.7,179.6
93.1,171.6
75.0,169.8
74.4,183.2
48.0,167.9
93.2,162.3
87.4,165.4
75.9,164.7
86.3,178.9
99.5,176.3
57.4,156.6
85.6,175.1
93.2,166.6
73.6,187.3
69.6,162.1
83.1,180.1
66.2,152.2
93.9,167.7
92.8,175.2
99.2,159.7
59.0,180.5
69.6,179.6
79.7,148.9
81.4,176.9
77.8,166.8
72.1,162.8
67.8,159.5
63.0,162.6
78.4,160.2
74.7,154.8
72.1,158.4
87.7,170.8
66.6,170.7
71.6,163.0
90.2,164.8
60.1,163.6
67.4,153.5
85.5,156.2
70.5,187.9
90.2,178.2
92.9,176.4
133.3,184.1
85.7,167.0
92.9,174.3
50.7,161.0
71.6,179.4
78.2,159.7
60.4,183.6
99.2,167.3
65.8,161.3
74.5,162.3
76.9,165.5
60.6,166.2
59.9,158.1
55.4,162.4
73.1,161.4
63.6,159.0
98.1,149.1
63.2,170.1
70.3,175.7
106.2,171.1
74.6,158.8
114.3,182.0
82.0,167.7
63.3,171.4
86.6,179.7
85.6,177.4
54.3,162.4
63.7,161.8
50.9,161.6
99.7,161.2
56.2,161.9
45.2,154.5
89.8,154.7
62.1,163.7
59.5,165.9
79.9,162.2
97.8,177.3
51.5,154.7
115.5,167.2
100.8,170.9
103.6,169.0
77.7,167.1
56.4,168.4
92.7,188.1
48.4,157.9
97.2,176.6
74.5,158.6
82.4,171.2
103.7,172.5
69.3,173.4
64.6,170.9
69.3,169.0
52.0,152.1
71.2,153.9
83.3,182.8
62.0,151.3
81.4,166.6
59.1,151.4
74.6,172.1
96.2,188.8
63.0,172.2
99.2,167.2
64.0,156.3
52.1,175.3
57.2,159.1
76.0,167.0
78.1,161.1
71.9,182.1
90.8,172.3
83.3,180.2
71.7,164.7
92.4,164.9
84.6,144.6
110.7,172.6
121.4,163.4
84.0,178.3
92.1,184.9
78.8,159.9
77.2,167.1
61.8,171.4
102.6,168.9
47.4,160.9
68.2,162.2
58.4,162.7
78.8,164.5
67.5,161.6
67.4,163.6
106.6,179.7
135.8,167.1
56.2,153.9
88.2,164.7
93.0,167.8
82.9,155.7
58.8,150.8
108.7,170.2
79.8,178.1
53.8,160.2
96.4,162.3
91.4,169.4
60.8,178.2
97.7,183.1
86.2,163.4
154.6,167.1
83.1,177.4
50.8,157.1
77.1,167.2
82.5,154.2
128.3,170.1
87.9,182.5
67.8,162.0
65.2,163.3
58.1,169.6
105.1,177.7
55.2,161.0
86.2,179.7
73.1,146.2
79.5,177.9
119.3,163.4
58.9,173.4
86.5,160.6
93.9,184.0
75.2,164.0
68.7,139.0
86.7,179.6
54.8,165.2
92.8,153.1
89.6,175.9
65.7,175.4
64.4,172.8
81.5,145.3
142.9,179.9
66.8,161.7
120.9,152.8
101.3,180.0
122.0,172.9
77.1,172.3
59.8,171.8
44.8,159.2
89.1,163.6
61.9,166.2
80.9,167.4
94.1,176.2
67.5,159.2
132.8,169.9
69.7,179.7
81.8,167.3
77.7,163.7
66.3,160.8
81.8,183.7
85.7,170.7
79.1,173.9
91.5,181.2
77.5,179.9
68.5,171.9
97.2,166.7
84.2,151.3
97.0,158.8
77.4,156.5
104.0,173.2
124.3,169.0
70.5,157.7
85.2,165.9
159.9,187.9
81.8,169.2
90.2,159.3
104.9,158.2
81.3,168.7
111.0,178.6
114.7,174.2
64.2,166.5
61.6,168.6
94.2,176.9
74.2,160.5
66.3,151.2
49.7,154.1
68.9,153.9
89.1,167.5
72.7,147.9
75.6,154.3
130.1,143.0
86.6,175.5
66.5,155.7
60.4,157.4
69.2,158.6
69.9,170.3
126.0,183.4
74.5,159.6
115.0,181.1
85.0,176.3
127.4,174.9
72.5,159.4
103.0,164.9
81.4,185.7
79.9,161.5
106.2,181.6
101.0,153.9
72.5,168.4
51.6,148.3
87.5,173.7
72.8,160.6
82.6,171.0
87.9,176.0
97.4,166.4
97.0,190.8
75.3,169.6
82.3,184.1
81.6,150.6
99.6,187.9
66.3,162.0
65.2,156.2
118.3,183.5
63.3,159.1
63.6,152.4
91.0,159.4
109.6,181.0
73.6,176.1
65.0,171.8
109.2,158.6
103.0,168.8
82.9,161.8
83.0,169.7
87.8,149.7
72.6,179.0
85.2,176.4
69.1,172.8
97.4,176.9
72.8,152.2
72.9,165.4
69.1,172.0
70.6,159.9
105.1,179.0
61.4,153.6
93.1,164.9
71.8,179.3
79.6,182.1
94.3,177.1
72.1,174.3
121.9,185.2
53.7,168.6
77.0,175.5
113.2,159.8
72.9,169.9
137.8,172.6
79.5,178.3
104.0,164.3
72.0,173.1
95.2,168.0
50.1,152.2
55.1,137.6
81.2,167.2
67.5,158.1
110.3,172.3
56.7,150.2
63.7,161.3
95.3,165.5
52.5,181.0
77.0,151.5
47.2,158.9
102.3,156.3
57.9,164.8
46.5,160.7
86.5,177.0
71.2,149.5
66.9,159.6
69.6,149.5
83.5,179.0
82.9,166.8
80.0,158.8
65.7,153.0
76.9,147.6
92.4,183.4
68.8,153.8
53.9,156.9
81.6,173.8
69.0,146.1
79.7,154.4
88.6,153.9
104.2,175.5
49.4,150.7
101.7,168.6
55.2,170.6
91.7,169.7
93.2,180.3
62.8,150.3
61.9,156.4
77.4,178.4
64.8,172.0
81.4,166.5
89.5,158.7
52.8,149.2
70.9,156.2
64.1,150.1
70.0,170.5
54.4,150.1
83.3,176.5
128.3,178.8
76.7,172.1
45.5,150.9
71.1,169.3
69.0,174.8
75.0,173.0
73.5,168.7
54.9,151.1
91.6,155.6
76.7,171.5
91.0,175.5
50.1,168.3
62.1,157.1
77.1,163.4
94.7,163.4
81.4,158.3
44.9,148.2
120.4,169.9
80.1,166.0
90.4,161.7
109.0,181.9
61.4,156.4
70.8,170.8
83.5,179.4
118.9,180.8
59.5,154.7
81.0,166.4
53.7,162.2
56.6,164.2
45.7,144.1
85.0,160.2
66.7,162.4
75.5,174.0
65.1,178.7
88.6,155.6
145.5,175.6
92.3,178.6
92.1,163.0
58.7,153.3
117.0,161.8
89.3,164.4
97.6,169.6
58.7,164.0
67.6,171.8
50.5,161.6
84.3,179.5
138.0,170.0
74.6,164.1
108.5,180.3
80.3,160.1
80.9,174.5
89.2,171.7
97.4,185.3
91.7,168.8
100.0,170.5
66.9,164.4
47.3,150.7
75.8,157.0
89.5,166.2
76.1,152.4
77.9,177.2
88.7,168.0
103.8,180.0
80.4,151.6
100.8,159.9
119.8,171.0
71.2,169.3
78.4,179.4
71.3,174.6
107.4,161.3
84.3,185.8
80.3,158.1
150.9,174.1
72.2,164.3
79.5,153.3
51.3,167.7
102.9,176.0
81.9,184.1
49.9,163.6
116.1,167.0
58.3,155.2
73.1,168.1
127.5,158.2
80.5,162.0
103.8,170.3
63.2,153.9
70.6,163.2
63.0,153.1
84.3,170.0
112.7,175.3
65.1,159.5
108.0,185.4
44.2,157.3
89.2,173.9
84.1,183.1
104.6,168.2
61.9,159.0
83.6,176.2
76.5,163.2
71.5,155.0
129.5,187.2
89.1,169.0
138.7,182.2
76.9,173.3
104.0,183.6
77.0,180.3
55.0,170.9
77.5,169.2
132.4,165.5
116.1,164.6
90.4,154.6
57.7,150.6
97.7,189.4
70.5,165.7
120.5,184.8
116.4,162.3
68.5,164.4
94.8,161.2
76.1,140.3
73.3,154.9
72.6,150.5
51.2,154.7
82.4,188.6
79.1,160.9
68.3,155.8
83.4,166.6
70.0,182.3
107.4,164.2
69.8,161.4
71.4,159.1
82.7,170.3
75.8,166.5
98.8,164.6
71.1,147.8
62.2,154.2
88.4,160.3
77.9,145.1
89.6,183.7
68.9,157.7
114.2,174.5
88.1,177.2
68.9,148.8
79.6,170.6
48.9,148.8
81.8,164.0
44.9,155.0
77.4,156.2
66.7,167.6
85.1,169.1
89.0,169.1
71.5,167.0
110.9,174.9
93.3,161.0
85.3,167.5
68.5,160.5
78.1,160.7
93.5,162.6
101.9,172.1
46.7,156.9
69.9,171.0
62.6,168.1
97.1,163.3
84.5,177.6
57.7,156.5
48.0,146.1
68.7,159.3
102.8,172.9
83.2,167.9
102.7,156.5
36.0,147.5
148.1,166.3
84.0,174.6
132.0,165.5
74.0,160.4
49.3,156.4
75.2,162.4
77.2,170.6
62.0,145.8
90.6,161.8
89.8,179.7
79.7,156.4
71.3,167.2
143.6,176.7
58.1,169.1
88.9,180.7
82.2,174.5
86.8,167.6
97.4,175.4
102.3,179.5
95.6,172.7
75.0,182.1
82.2,172.6
84.0,169.6
89.4,159.4
65.6,147.2
84.1,170.6
93.0,172.1
93.8,175.9
59.5,154.6
94.0,182.3
72.1,166.4
60.9,153.7
81.5,148.9
86.9,163.9
52.7,154.4
61.0,161.8
75.2,157.5
85.7,168.7
57.9,164.3
64.0,143.6
166.3,188.1
72.3,177.1
61.0,151.7
65.1,172.9
43.0,143.2
72.2,167.2
57.8,153.0
89.2,189.1
49.8,159.8
64.9,162.0
50.9,156.7
57.3,145.5
56.1,156.6
99.4,181.4
144.9,178.6
54.8,160.4
76.8,164.1
79.4,172.2
63.4,158.7
78.0,178.7
109.0,185.0
83.0,166.7
68.9,179.4
91.9,167.9
133.5,180.1
79.0,174.6
116.3,174.8
66.0,142.0
112.9,178.0
83.0,158.7
81.8,174.8
62.4,161.0
58.4,182.3
88.3,182.6
71.8,173.9
86.2,167.3
92.5,187.5
52.5,155.6
80.6,171.5
94.8,184.1
93.2,171.2
87.0,174.2
88.3,176.3
69.4,173.6
66.8,177.4
64.5,163.9
88.3,153.8
120.9,178.2
56.9,160.3
71.0,145.2
91.3,155.6
104.5,179.6
69.0,160.6
66.5,171.9
71.4,163.9
83.8,161.2
101.7,179.0
47.4,144.3
52.2,156.4
72.5,162.8
112.2,170.3
73.1,153.2
84.1,178.6
68.7,153.0
95.5,161.3
68.5,153.5
111.1,168.4
68.4,161.7
89.4,179.3
58.8,164.7
80.2,175.1
74.3,157.5
79.1,154.0
74.6,166.9
83.3,184.7
110.8,179.9
93.2,163.6
61.8,168.0
123.5,176.5
62.4,167.1
98.3,184.1
121.1,182.8
131.3,169.7
111.6,169.2
69.4,171.7
101.7,177.1
103.8,158.5
63.6,160.8
101.8,169.1
80.2,163.4
65.3,173.5
85.5,180.2
120.3,193.6
62.1,163.1
80.9,169.7
47.7,159.5
63.5,151.0
80.5,166.2
83.1,162.6
89.6,162.0
77.4,173.1
72.2,157.5
68.7,167.4
53.2,151.2
69.9,180.2
76.9,160.2
76.3,155.7
143.2,172.0
83.9,166.9
102.0,161.5
87.0,183.6
63.3,157.3
69.8,153.7
83.9,177.7
82.5,169.6
60.5,166.7
66.4,154.6
94.2,170.6
75.1,161.4
75.6,150.8
71.1,162.1
78.1,185.8
53.9,167.5
77.5,149.8
120.0,173.6
75.1,169.4
123.1,164.7
84.4,165.7
86.3,165.8
86.0,172.8
108.7,182.1
71.7,172.2
57.9,178.6
147.8,182.1
70.7,163.1
82.3,164.1
63.1,164.0
69.1,158.9
89.4,170.4
70.1,170.5
64.6,163.2
70.1,166.3
139.6,178.4
74.2,157.7
78.7,176.8
68.8,169.8
76.3,169.7
117.0,161.0
85.3,168.3
89.5,169.9
58.4,149.7
74.2,167.8
139.4,170.1
96.1,180.3
81.5,159.9
86.5,183.1
58.7,157.2
47.9,152.4
90.3,160.4
114.1,163.6
65.8,166.5
68.5,168.8
112.0,182.6
97.8,170.8
85.1,175.0
87.7,173.8
98.1,164.1
59.4,155.5
78.6,162.5
98.3,179.5
103.6,172.3
48.6,157.8
79.5,159.3
92.5,175.0
68.5,167.3
66.4,148.6
72.1,169.4
81.4,157.7
70.0,174.8
114.0,168.1
52.3,156.5
92.3,181.3
80.2,154.9
79.7,151.6
73.5,165.5
99.3,174.4
51.8,164.1
61.5,165.6
43.4,146.1
152.0,167.7
63.0,143.1
76.1,168.3
64.2,166.6
94.2,175.9
80.7,179.3
175.9,165.1
127.3,175.2
64.1,163.8
98.0,179.8
97.5,179.6
67.3,172.8
109.1,185.5
89.9,162.8
69.3,159.7
83.8,155.5
58.9,172.5
48.6,146.7
95.5,166.2
86.2,175.0
77.0,171.4
65.8,179.1
81.7,169.6
111.4,185.6
73.2,158.0
102.5,179.7
77.9,159.9
52.3,158.1
46.8,144.9
66.7,157.8
41.6,160.2
108.0,168.5
83.2,175.7
80.0,168.4
129.8,173.3
72.4,171.2
68.2,166.7
78.4,165.5
69.3,150.6
99.0,184.2
72.0,166.7
107.9,171.6
75.8,165.2
78.0,163.8
80.1,170.0
58.6,168.5
83.9,160.1
51.6,146.4
76.5,180.3
68.0,182.0
126.3,173.4
88.4,178.1
80.2,167.8
110.9,177.8
81.2,165.5
76.7,161.1
60.3,167.5
86.1,172.4
59.4,160.5
81.9,175.9
89.6,175.0
72.0,159.6
116.1,188.4
91.9,170.8
72.6,176.3
90.6,157.1
88.0,181.4
90.1,178.4
107.6,155.3
72.1,163.3
83.9,163.6
159.2,171.6
55.4,160.3
70.6,162.3
78.6,161.9
145.0,176.1
64.7,147.2
85.9,159.6
57.8,176.3
89.0,152.5
87.0,160.7
76.0,161.1
53.9,164.3
109.8,175.6
97.2,174.2
70.8,158.3
59.4,154.5
110.0,168.2
52.9,154.5
62.8,148.2
77.9,178.0
72.7,176.9
81.9,169.3
46.2,174.8
192.3,169.0
74.4,164.3
104.1,179.0
83.4,177.3
73.0,160.2
61.3,168.7
58.0,147.3
78.2,166.9
55.3,162.6
57.6,155.8
70.1,162.8
76.4,168.0
64.7,162.0
74.7,160.8
68.1,167.0
74.0,160.9
56.3,160.3
112.3,170.4
122.8,175.4
72.6,155.1
81.4,179.3
113.1,160.2
85.3,170.0
78.3,155.2
51.6,154.5
64.9,164.1
107.5,167.9
47.6,152.8
93.0,165.6
107.8,162.3
69.3,166.4
74.7,168.9
77.2,152.6
76.2,163.1
62.4,151.6
60.4,165.8
56.1,165.2
83.3,157.3
71.9,159.3
91.0,168.5
60.3,168.9
64.6,167.8
98.7,182.7
67.0,164.0
84.7,180.2
50.5,156.3
58.4,148.7
74.7,164.4
97.4,161.9
65.2,160.9
67.1,150.5
70.5,173.3
67.7,178.7
51.0,165.6
50.6,165.8
87.3,170.3
59.5,159.4
123.7,172.9
69.9,146.0
100.0,173.4
80.9,149.3
62.0,149.7
50.4,169.6
86.3,172.9
60.4,168.5
54.1,148.3
64.6,174.2
73.8,147.4
59.5,154.1
47.1,153.2
89.5,173.0
107.7,161.0
58.5,145.7
88.4,157.4
81.4,150.0
68.1,175.6
87.1,170.9
59.1,166.3
76.9,168.6
128.0,162.9
78.9,176.2
108.7,165.6
64.5,152.4
129.7,185.1
76.3,167.3
51.6,163.2
59.8,154.2
74.0,181.1
47.1,163.2
77.6,159.7
74.8,151.2
68.3,159.7
78.5,179.9
93.1,158.4
83.9,191.3
83.1,172.2
70.2,170.8
71.3,175.9
93.2,158.6
78.5,170.6
80.0,162.1
77.7,173.7
113.8,165.2
100.3,192.4
76.0,154.6
87.0,175.0
50.2,148.9
90.1,156.8
63.0,169.1
60.0,170.1
60.6,169.8
82.9,163.2
82.8,187.4
173.0,166.1
82.2,161.2
54.9,165.9
81.3,180.9
55.1,154.5
110.2,164.9
39.8,149.9
75.3,171.9
109.3,191.7
106.2,162.3
90.7,148.5
87.6,164.8
61.2,154.7
60.1,165.1
88.8,163.4
133.9,187.8
132.6,171.4
92.6,180.4
82.0,157.1
73.6,162.9
51.6,158.5
42.7,154.3
72.0,150.4
91.3,160.5
75.0,168.0
89.4,150.1
126.8,171.2
110.9,184.6
92.9,154.8
69.7,154.3
102.4,170.4
100.2,162.0
61.3,161.2
89.6,175.2
56.8,176.7
121.3,156.3
77.2,177.0
102.7,177.3
56.6,156.7
69.0,175.5
65.8,149.9
51.9,166.5
57.4,162.4
90.7,163.2
79.8,168.6
58.3,162.5
73.0,165.0
116.8,174.0
76.3,161.9
62.0,156.9
68.6,156.1
66.7,155.8
136.9,182.0
178.3,184.6
49.7,162.9
96.7,183.8
72.6,172.1
72.4,164.0
112.0,178.8
78.6,164.6
81.5,155.5
71.6,154.9
89.7,176.2
86.7,176.8
85.7,176.5
85.8,150.2
78.4,185.7
75.9,169.5
91.2,169.0
114.6,165.9
60.1,183.0
57.9,158.0
84.3,178.3
89.4,166.3
84.2,172.1
88.2,153.3
86.2,166.6
63.6,152.7
77.3,179.5
68.1,157.8
64.3,154.5
123.0,159.0
69.2,169.3
59.9,153.7
50.7,156.0
98.8,167.3
87.0,155.1
67.7,164.5
65.3,148.0
82.7,165.3
79.3,182.9
54.2,164.8
146.7,187.1
88.4,161.1
115.8,161.7
81.8,180.6
71.2,156.2
65.2,161.7
53.4,158.1
97.7,183.1
123.4,160.9
87.2,152.5
85.3,153.5
108.7,165.2
95.1,168.8
139.4,180.5
86.3,154.2
83.3,175.4
94.1,167.0
77.0,166.6
85.2,169.7
87.5,177.7
85.9,160.9
79.9,177.9
74.9,166.7
59.5,149.8
65.7,178.7
65.1,170.7
65.5,158.0
85.5,152.4
69.4,175.1
68.2,175.7
123.0,181.5
108.5,178.4
92.6,178.4
68.1,180.5
110.7,193.7
73.6,181.8
68.0,172.1
54.1,170.0
89.3,168.4
68.0,170.6
84.7,164.0
57.1,165.5
86.2,173.5
89.1,161.3
61.1,159.4
70.4,180.3
65.4,157.1
48.0,159.2
50.4,153.6
109.7,180.8
96.2,153.5
83.5,173.8
116.5,170.6
117.3,166.1
65.7,162.4
123.8,149.9
60.5,168.3
71.5,161.7
51.9,149.3
107.9,181.5
72.8,160.6
59.8,152.7
60.9,165.6
79.6,171.4
77.9,183.6
89.0,160.3
55.5,171.7
58.9,145.6
63.0,180.3
86.1,186.1
73.1,170.5
103.2,158.5
101.0,166.8
88.9,165.9
76.9,169.3
54.5,152.6
75.9,177.8
92.7,156.4
67.9,164.6
101.8,157.6
75.7,177.1
74.9,169.6
69.0,169.6
119.6,149.0
81.4,170.1
89.0,174.3
81.9,147.6
77.6,179.0
92.2,161.7
62.2,167.4
57.8,157.0
58.2,166.9
101.2,180.9
78.7,156.9
64.8,151.9
89.5,164.9
39.2,136.5
59.1,165.8
112.1,182.2
71.7,152.2
78.2,173.3
58.3,165.0
